Forward Primer (FP),FP GC%,FP Binding Start Site,Reverse Primer (RP),RP GC%,RP Binding Start Site,Amplicon Size,Max Dimerisation Percentage Score,Max Dimerisation String,Forward Primer Length,Reverse Primer Length,Minimum Primer 3' Identity Anchor
AAGCAATACAAATGCAACTGCTGGTAAATA,33.33333333333333,2645,CCAAGTTTCTTTAGCAAACACAGATTTACT,33.33333333333333,2680,65,40.0," CCAAGTTTCTTTAGCAAACACAGATTTACT                            
--|----|--||--|---||----|||||------------------------------
AAGCAATACAAATGCAACTGCTGGTAAATA                             ",30,30,30
AAGCAATACAAATGCAACTGCTGGTAAATA,33.33333333333333,2645,ATAATGTCCAAGTTTCTTTAGCAAACACAG,33.33333333333333,2687,72,36.666666666666664,"  AAGCAATACAAATGCAACTGCTGGTAAATA                           
-----||-----||-|-||--|-|-||--------------------------------
ATAATGTCCAAGTTTCTTTAGCAAACACAG                             ",30,30,30
AAGCAATACAAATGCAACTGCTGGTAAATA,33.33333333333333,2645,GATAATGTCCAAGTTTCTTTAGCAAACACA,33.33333333333333,2688,73,36.666666666666664,"        GATAATGTCCAAGTTTCTTTAGCAAACACA                     
--------|-|-|-||--|-|----||||------------------------------
AAGCAATACAAATGCAACTGCTGGTAAATA                             ",30,30,30
AAGCAATACAAATGCAACTGCTGGTAAATA,33.33333333333333,2645,AGATAATGTCCAAGTTTCTTTAGCAAACAC,33.33333333333333,2689,74,36.666666666666664,"       AGATAATGTCCAAGTTTCTTTAGCAAACAC                      
--------|-|-|-||--|-|----||||------------------------------
AAGCAATACAAATGCAACTGCTGGTAAATA                             ",30,30,30
AAGCAATACAAATGCAACTGCTGGTAAATA,33.33333333333333,2645,CAGATAATGTCCAAGTTTCTTTAGCAAACA,33.33333333333333,2690,75,36.666666666666664,"      CAGATAATGTCCAAGTTTCTTTAGCAAACA                       
--------|-|-|-||--|-|----||||------------------------------
AAGCAATACAAATGCAACTGCTGGTAAATA                             ",30,30,30
AAGCAATACAAATGCAACTGCTGGTAAATA,33.33333333333333,2645,TCAGATAATGTCCAAGTTTCTTTAGCAAAC,33.33333333333333,2691,76,40.0,"     TCAGATAATGTCCAAGTTTCTTTAGCAAAC                        
-----|--|-|-|-||--|-|----||||------------------------------
AAGCAATACAAATGCAACTGCTGGTAAATA                             ",30,30,30
AAGCAATACAAATGCAACTGCTGGTAAATA,33.33333333333333,2645,GTCAGATAATGTCCAAGTTTCTTTAGCAAA,33.33333333333333,2692,77,40.0,"    GTCAGATAATGTCCAAGTTTCTTTAGCAAA                         
-----|--|-|-|-||--|-|----||||------------------------------
AAGCAATACAAATGCAACTGCTGGTAAATA                             ",30,30,30
AAGCAATACAAATGCAACTGCTGGTAAATA,33.33333333333333,2645,AGTCAGATAATGTCCAAGTTTCTTTAGCAA,33.33333333333333,2693,78,40.0,"   AGTCAGATAATGTCCAAGTTTCTTTAGCAA                          
-----|--|-|-|-||--|-|----||||------------------------------
AAGCAATACAAATGCAACTGCTGGTAAATA                             ",30,30,30
AAGCAATACAAATGCAACTGCTGGTAAATA,33.33333333333333,2645,GCACTACAGTCAGATAATGTCCAAGTTTCT,40.0,2700,85,36.666666666666664,"    AAGCAATACAAATGCAACTGCTGGTAAATA                         
----|-|--|--|-|-|-||--|-|----|-----------------------------
GCACTACAGTCAGATAATGTCCAAGTTTCT                             ",30,30,30
AAGCAATACAAATGCAACTGCTGGTAAATA,33.33333333333333,2645,AGCACTACAGTCAGATAATGTCCAAGTTTC,40.0,2701,86,33.33333333333333,"AGCACTACAGTCAGATAATGTCCAAGTTTC                             
--|--||---|-|--|------|-|-||-------------------------------
AAGCAATACAAATGCAACTGCTGGTAAATA                             ",30,30,30
AAGCAATACAAATGCAACTGCTGGTAAATA,33.33333333333333,2645,CAGCACTACAGTCAGATAATGTCCAAGTTT,40.0,2702,87,33.33333333333333,"CAGCACTACAGTCAGATAATGTCCAAGTTT                             
-----------|--|-|-|-|-|||--|-|-----------------------------
AAGCAATACAAATGCAACTGCTGGTAAATA                             ",30,30,30
AAGCAATACAAATGCAACTGCTGGTAAATA,33.33333333333333,2645,TCAGCACTACAGTCAGATAATGTCCAAGTT,40.0,2703,88,33.33333333333333,"  AAGCAATACAAATGCAACTGCTGGTAAATA                           
----|--||---|-|--|------|-|-||-----------------------------
TCAGCACTACAGTCAGATAATGTCCAAGTT                             ",30,30,30
AAGCAATACAAATGCAACTGCTGGTAAATA,33.33333333333333,2645,TTCAGCACTACAGTCAGATAATGTCCAAGT,40.0,2704,89,36.666666666666664,"  AAGCAATACAAATGCAACTGCTGGTAAATA                           
----|-|----|--||----|--||-|-||-----------------------------
TGAACCTGTAATAGACTGACATCACGACTT                             ",30,30,30
AAGCAATACAAATGCAACTGCTGGTAAATA,33.33333333333333,2645,GTTCAGCACTACAGTCAGATAATGTCCAAG,43.333333333333336,2705,90,36.666666666666664," AAGCAATACAAATGCAACTGCTGGTAAATA                            
---|-|----|--||----|--||-|-||------------------------------
GAACCTGTAATAGACTGACATCACGACTTG                             ",30,30,30
AAGCAATACAAATGCAACTGCTGGTAAATA,33.33333333333333,2645,AGTTCAGCACTACAGTCAGATAATGTCCAA,40.0,2706,91,36.666666666666664,"AAGCAATACAAATGCAACTGCTGGTAAATA                             
--|-|----|--||----|--||-|-||-------------------------------
AACCTGTAATAGACTGACATCACGACTTGA                             ",30,30,30
AAGCAATACAAATGCAACTGCTGGTAAATA,33.33333333333333,2645,AAGTTCAGCACTACAGTCAGATAATGTCCA,40.0,2707,92,36.666666666666664,"      AAGTTCAGCACTACAGTCAGATAATGTCCA                       
------|-|||-|-----||---||--||------------------------------
AAGCAATACAAATGCAACTGCTGGTAAATA                             ",30,30,30
AAGCAATACAAATGCAACTGCTGGTAAATA,33.33333333333333,2645,TATAAGTTCAGCACTACAGTCAGATAATGT,33.33333333333333,2710,95,40.0,"   TATAAGTTCAGCACTACAGTCAGATAATGT                          
-----||-|||-|-----||---||--||------------------------------
AAGCAATACAAATGCAACTGCTGGTAAATA                             ",30,30,30
AAGCAATACAAATGCAACTGCTGGTAAATA,33.33333333333333,2645,GTCTTTTGGTAGTGTATTTATAAGTTCAGC,33.33333333333333,2728,113,40.0,"  CGACTTGAATATTTATGTGATGGTTTTCTG                           
--||---||--||--|----||---|||-------------------------------
AAGCAATACAAATGCAACTGCTGGTAAATA                             ",30,30,30
AAGCAATACAAATGCAACTGCTGGTAAATA,33.33333333333333,2645,GCCTTGTTTCTATCATTATCATACCATACT,33.33333333333333,2787,172,40.0," GCCTTGTTTCTATCATTATCATACCATACT                            
--|-||-|-|-||---|-|--|-----||------------------------------
AAGCAATACAAATGCAACTGCTGGTAAATA                             ",30,30,30
AAGCAATACAAATGCAACTGCTGGTAAATA,33.33333333333333,2645,GTATGCCTTGTTTCTATCATTATCATACCA,33.33333333333333,2791,176,36.666666666666664,"GTATGCCTTGTTTCTATCATTATCATACCA                             
-|-----|--||-|--|-|--|-|||---------------------------------
AAGCAATACAAATGCAACTGCTGGTAAATA                             ",30,30,30
AAGCAATACAAATGCAACTGCTGGTAAATA,33.33333333333333,2645,GGGTATGCCTTGTTTCTATCATTATCATAC,36.666666666666664,2793,178,36.666666666666664,"  GGGTATGCCTTGTTTCTATCATTATCATAC                           
---|-||||--|---||---------|-||-----------------------------
AAGCAATACAAATGCAACTGCTGGTAAATA                             ",30,30,30
AAGCAATACAAATGCAACTGCTGGTAAATA,33.33333333333333,2645,TGGGTATGCCTTGTTTCTATCATTATCATA,33.33333333333333,2794,179,40.0," TGGGTATGCCTTGTTTCTATCATTATCATA                            
-|-|-||||--|---||---------|-||-----------------------------
AAGCAATACAAATGCAACTGCTGGTAAATA                             ",30,30,30
AAGCAATACAAATGCAACTGCTGGTAAATA,33.33333333333333,2645,ATGGGTATGCCTTGTTTCTATCATTATCAT,33.33333333333333,2795,180,40.0,"ATGGGTATGCCTTGTTTCTATCATTATCAT                             
-|-|-||||--|---||---------|-||-----------------------------
AAGCAATACAAATGCAACTGCTGGTAAATA                             ",30,30,30
AAGCAATACAAATGCAACTGCTGGTAAATA,33.33333333333333,2645,TATGGGTATGCCTTGTTTCTATCATTATCA,33.33333333333333,2796,181,36.666666666666664,"     TATGGGTATGCCTTGTTTCTATCATTATCA                        
-----||||--||-|--------|--|-||-----------------------------
AAGCAATACAAATGCAACTGCTGGTAAATA                             ",30,30,30
AAGCAATACAAATGCAACTGCTGGTAAATA,33.33333333333333,2645,ATATGGGTATGCCTTGTTTCTATCATTATC,33.33333333333333,2797,182,36.666666666666664,"    ATATGGGTATGCCTTGTTTCTATCATTATC                         
-----||||--||-|--------|--|-||-----------------------------
AAGCAATACAAATGCAACTGCTGGTAAATA                             ",30,30,30
AAGCAATACAAATGCAACTGCTGGTAAATA,33.33333333333333,2645,GTATATGGGTATGCCTTGTTTCTATCATTA,33.33333333333333,2799,184,40.0,"         AAGCAATACAAATGCAACTGCTGGTAAATA                    
---------||-|||--||-|--||--|-|-----------------------------
ATTACTATCTTTGTTCCGTATGGGTATATG                             ",30,30,30
AAGCAATACAAATGCAACTGCTGGTAAATA,33.33333333333333,2645,GTGAGTCTTGATAATATATCCTTTTCCAGT,33.33333333333333,2831,216,36.666666666666664,"   GTGAGTCTTGATAATATATCCTTTTCCAGT                          
---||-|---||------|---||-|||-------------------------------
AAGCAATACAAATGCAACTGCTGGTAAATA                             ",30,30,30
AAGCAATACAAATGCAACTGCTGGTAAATA,33.33333333333333,2645,TGTGAGTCTTGATAATATATCCTTTTCCAG,33.33333333333333,2832,217,36.666666666666664,"  TGTGAGTCTTGATAATATATCCTTTTCCAG                           
---||-|---||------|---||-|||-------------------------------
AAGCAATACAAATGCAACTGCTGGTAAATA                             ",30,30,30
AAGCAATACAAATGCAACTGCTGGTAAATA,33.33333333333333,2645,CATGTGAGTCTTGATAATATATCCTTTTCC,33.33333333333333,2834,219,36.666666666666664,"CATGTGAGTCTTGATAATATATCCTTTTCC                             
---||-|---||------|---||-|||-------------------------------
AAGCAATACAAATGCAACTGCTGGTAAATA                             ",30,30,30
AAGCAATACAAATGCAACTGCTGGTAAATA,33.33333333333333,2645,CCTTCAGTTAATTGCCATTCGTCATGTGAG,43.333333333333336,2856,241,40.0,"        CCTTCAGTTAATTGCCATTCGTCATGTGAG                     
----------||--|||-|---|||||--|-----------------------------
AAGCAATACAAATGCAACTGCTGGTAAATA                             ",30,30,30
AAGCAATACAAATGCAACTGCTGGTAAATA,33.33333333333333,2645,AGTCCATTTTCATCTACCTTTCCTTCAGTT,36.666666666666664,2877,262,40.0,"  AAGCAATACAAATGCAACTGCTGGTAAATA                           
--|-|-||-|--|-----|--|---||-||-----------------------------
AGTCCATTTTCATCTACCTTTCCTTCAGTT                             ",30,30,30
AAGCAATACAAATGCAACTGCTGGTAAATA,33.33333333333333,2645,CAAACAGCATAAAATAAACTCTGTCACCAT,33.33333333333333,2924,309,33.33333333333333,"    AAGCAATACAAATGCAACTGCTGGTAAATA                         
---------||---|-|--|-----|||||-----------------------------
CAAACAGCATAAAATAAACTCTGTCACCAT                             ",30,30,30
AAGCAATACAAATGCAACTGCTGGTAAATA,33.33333333333333,2645,CCAAACAGCATAAAATAAACTCTGTCACCA,36.666666666666664,2925,310,33.33333333333333,"      AAGCAATACAAATGCAACTGCTGGTAAATA                       
--------|-|-|--|--||--||-|--|------------------------------
CCAAACAGCATAAAATAAACTCTGTCACCA                             ",30,30,30
AAGCAATACAAATGCAACTGCTGGTAAATA,33.33333333333333,2645,CCCAAACAGCATAAAATAAACTCTGTCACC,40.0,2926,311,33.33333333333333,"       AAGCAATACAAATGCAACTGCTGGTAAATA                      
---------|-|-|--|--||--||-|--|-----------------------------
CCCAAACAGCATAAAATAAACTCTGTCACC                             ",30,30,30
AAGCAATACAAATGCAACTGCTGGTAAATA,33.33333333333333,2645,CCCCAAACAGCATAAAATAAACTCTGTCAC,40.0,2927,312,33.33333333333333,"   AAGCAATACAAATGCAACTGCTGGTAAATA                          
---|---|-|--|--|----|||-|-|--------------------------------
CACTGTCTCAAATAAAATACGACAAACCCC                             ",30,30,30
AAGCAATACAAATGCAACTGCTGGTAAATA,33.33333333333333,2645,GCCCCAAACAGCATAAAATAAACTCTGTCA,40.0,2928,313,33.33333333333333,"  AAGCAATACAAATGCAACTGCTGGTAAATA                           
--|---|-|--|--|----|||-|-|---------------------------------
ACTGTCTCAAATAAAATACGACAAACCCCG                             ",30,30,30
AAGCAATACAAATGCAACTGCTGGTAAATA,33.33333333333333,2645,TGCCCCAAACAGCATAAAATAAACTCTGTC,40.0,2929,314,33.33333333333333," AAGCAATACAAATGCAACTGCTGGTAAATA                            
-|---|-|--|--|----|||-|-|----------------------------------
CTGTCTCAAATAAAATACGACAAACCCCGT                             ",30,30,30
AAGCAATACAAATGCAACTGCTGGTAAATA,33.33333333333333,2645,CTGCCCCAAACAGCATAAAATAAACTCTGT,40.0,2930,315,33.33333333333333,"AAGCAATACAAATGCAACTGCTGGTAAATA                             
|---|-|--|--|----|||-|-|-----------------------------------
TGTCTCAAATAAAATACGACAAACCCCGTC                             ",30,30,30
AAGCAATACAAATGCAACTGCTGGTAAATA,33.33333333333333,2645,TCTGCCCCAAACAGCATAAAATAAACTCTG,40.0,2931,316,36.666666666666664,"  AAGCAATACAAATGCAACTGCTGGTAAATA                           
---||--------||||---|---||-|-|-----------------------------
GTCTCAAATAAAATACGACAAACCCCGTCT                             ",30,30,30
AAGCAATACAAATGCAACTGCTGGTAAATA,33.33333333333333,2645,ATCTGCCCCAAACAGCATAAAATAAACTCT,36.666666666666664,2932,317,40.0," AAGCAATACAAATGCAACTGCTGGTAAATA                            
--||--------||||---|---||-|-||-----------------------------
TCTCAAATAAAATACGACAAACCCCGTCTA                             ",30,30,30
AAGCAATACAAATGCAACTGCTGGTAAATA,33.33333333333333,2645,CATCTGCCCCAAACAGCATAAAATAAACTC,40.0,2933,318,40.0,"AAGCAATACAAATGCAACTGCTGGTAAATA                             
-||--------||||---|---||-|-||------------------------------
CTCAAATAAAATACGACAAACCCCGTCTAC                             ",30,30,30
AAGCAATACAAATGCAACTGCTGGTAAATA,33.33333333333333,2645,GCATCTGCCCCAAACAGCATAAAATAAACT,40.0,2934,319,40.0," TCAAATAAAATACGACAAACCCCGTCTACG                            
-||--------||||---|---||-|-||------------------------------
AAGCAATACAAATGCAACTGCTGGTAAATA                             ",30,30,30
AAGCAATACAAATGCAACTGCTGGTAAATA,33.33333333333333,2645,TGCATCTGCCCCAAACAGCATAAAATAAAC,40.0,2935,320,36.666666666666664,"  CAAATAAAATACGACAAACCCCGTCTACGT                           
--|--------||||---|---||-|-||------------------------------
AAGCAATACAAATGCAACTGCTGGTAAATA                             ",30,30,30
AAGCAATACAAATGCAACTGCTGGTAAATA,33.33333333333333,2645,CTGCATCTGCCCCAAACAGCATAAAATAAA,40.0,2936,321,33.33333333333333,"    CTGCATCTGCCCCAAACAGCATAAAATAAA                         
-----|---|-|-|----|--|-|||--|------------------------------
AAGCAATACAAATGCAACTGCTGGTAAATA                             ",30,30,30
AAGCAATACAAATGCAACTGCTGGTAAATA,33.33333333333333,2645,TCTGCATCTGCCCCAAACAGCATAAAATAA,40.0,2937,322,33.33333333333333,"   TCTGCATCTGCCCCAAACAGCATAAAATAA                          
-----|---|-|-|----|--|-|||--|------------------------------
AAGCAATACAAATGCAACTGCTGGTAAATA                             ",30,30,30
AAGCAATACAAATGCAACTGCTGGTAAATA,33.33333333333333,2645,GTCTGCATCTGCCCCAAACAGCATAAAATA,43.333333333333336,2938,323,33.33333333333333,"  GTCTGCATCTGCCCCAAACAGCATAAAATA                           
-----|---|-|-|----|--|-|||--|------------------------------
AAGCAATACAAATGCAACTGCTGGTAAATA                             ",30,30,30
AAGCAATACAAATGCAACTGCTGGTAAATA,33.33333333333333,2645,TGTCTGCATCTGCCCCAAACAGCATAAAAT,43.333333333333336,2939,324,36.666666666666664," TGTCTGCATCTGCCCCAAACAGCATAAAAT                            
-|---|---|-|-|----|--|-|||--|------------------------------
AAGCAATACAAATGCAACTGCTGGTAAATA                             ",30,30,30
AAGCAATACAAATGCAACTGCTGGTAAATA,33.33333333333333,2645,CATATTTGTCTGCATCTGCCCCAAACAGCA,46.666666666666664,2945,330,40.0,"  ACGACAAACCCCGTCTACGTCTGTTTATAC                           
-------------|||--|||-|--|||||-----------------------------
AAGCAATACAAATGCAACTGCTGGTAAATA                             ",30,30,30
AAGCAATACAAATGCAACTGCTGGTAAATA,33.33333333333333,2645,CCATATTTGTCTGCATCTGCCCCAAACAGC,50.0,2946,331,40.0,"   CGACAAACCCCGTCTACGTCTGTTTATACC                          
-------------|||--|||-|--|||||-----------------------------
AAGCAATACAAATGCAACTGCTGGTAAATA                             ",30,30,30
AAGCAATACAAATGCAACTGCTGGTAAATA,33.33333333333333,2645,TCCATATTTGTCTGCATCTGCCCCAAACAG,46.666666666666664,2947,332,40.0,"    GACAAACCCCGTCTACGTCTGTTTATACCT                         
-------------|||--|||-|--|||||-----------------------------
AAGCAATACAAATGCAACTGCTGGTAAATA                             ",30,30,30
AAGCAATACAAATGCAACTGCTGGTAAATA,33.33333333333333,2645,CTCCATATTTGTCTGCATCTGCCCCAAACA,46.666666666666664,2948,333,40.0,"     ACAAACCCCGTCTACGTCTGTTTATACCTC                        
-------------|||--|||-|--|||||-----------------------------
AAGCAATACAAATGCAACTGCTGGTAAATA                             ",30,30,30
AAGCAATACAAATGCAACTGCTGGTAAATA,33.33333333333333,2645,ACTCCATATTTGTCTGCATCTGCCCCAAAC,46.666666666666664,2949,334,40.0,"      CAAACCCCGTCTACGTCTGTTTATACCTCA                       
-------------|||--|||-|--|||||-----------------------------
AAGCAATACAAATGCAACTGCTGGTAAATA                             ",30,30,30
AAGCAATACAAATGCAACTGCTGGTAAATA,33.33333333333333,2645,CACTCCATATTTGTCTGCATCTGCCCCAAA,46.666666666666664,2950,335,40.0,"       AAACCCCGTCTACGTCTGTTTATACCTCAC                      
-------------|||--|||-|--|||||-----------------------------
AAGCAATACAAATGCAACTGCTGGTAAATA                             ",30,30,30
AAGCAATACAAATGCAACTGCTGGTAAATA,33.33333333333333,2645,TCACTCCATATTTGTCTGCATCTGCCCCAA,46.666666666666664,2951,336,40.0,"        AACCCCGTCTACGTCTGTTTATACCTCACT                     
-------------|||--|||-|--|||||-----------------------------
AAGCAATACAAATGCAACTGCTGGTAAATA                             ",30,30,30
AAGCAATACAAATGCAACTGCTGGTAAATA,33.33333333333333,2645,GTCACTCCATATTTGTCTGCATCTGCCCCA,50.0,2952,337,40.0,"         ACCCCGTCTACGTCTGTTTATACCTCACTG                    
-------------|||--|||-|--|||||-----------------------------
AAGCAATACAAATGCAACTGCTGGTAAATA                             ",30,30,30
AAGCAATACAAATGCAACTGCTGGTAAATA,33.33333333333333,2645,TGTCACTCCATATTTGTCTGCATCTGCCCC,50.0,2953,338,40.0,"          CCCCGTCTACGTCTGTTTATACCTCACTGT                   
-------------|||--|||-|--|||||-----------------------------
AAGCAATACAAATGCAACTGCTGGTAAATA                             ",30,30,30
AAGCAATACAAATGCAACTGCTGGTAAATA,33.33333333333333,2645,TTGTCACTCCATATTTGTCTGCATCTGCCC,46.666666666666664,2954,339,40.0,"           CCCGTCTACGTCTGTTTATACCTCACTGTT                  
-------------|||--|||-|--|||||-----------------------------
AAGCAATACAAATGCAACTGCTGGTAAATA                             ",30,30,30
AAGCAATACAAATGCAACTGCTGGTAAATA,33.33333333333333,2645,TTTGTCACTCCATATTTGTCTGCATCTGCC,43.333333333333336,2955,340,40.0,"AAGCAATACAAATGCAACTGCTGGTAAATA                             
-----||-||-|---|--||--|--|-|-|-----------------------------
CCGTCTACGTCTGTTTATACCTCACTGTTT                             ",30,30,30
AAGCAATACAAATGCAACTGCTGGTAAATA,33.33333333333333,2645,TTTTGTCACTCCATATTTGTCTGCATCTGC,40.0,2956,341,40.0," CGTCTACGTCTGTTTATACCTCACTGTTTT                            
-----||-||-|---|--||--|--|-|-|-----------------------------
AAGCAATACAAATGCAACTGCTGGTAAATA                             ",30,30,30
AAGCAATACAAATGCAACTGCTGGTAAATA,33.33333333333333,2645,CTTTTGTCACTCCATATTTGTCTGCATCTG,40.0,2957,342,40.0,"  GTCTACGTCTGTTTATACCTCACTGTTTTC                           
-----||-||-|---|--||--|--|-|-|-----------------------------
AAGCAATACAAATGCAACTGCTGGTAAATA                             ",30,30,30
AAGCAATACAAATGCAACTGCTGGTAAATA,33.33333333333333,2645,TCTTTTGTCACTCCATATTTGTCTGCATCT,36.666666666666664,2958,343,40.0,"   TCTACGTCTGTTTATACCTCACTGTTTTCT                          
-----||-||-|---|--||--|--|-|-|-----------------------------
AAGCAATACAAATGCAACTGCTGGTAAATA                             ",30,30,30
AAGCAATACAAATGCAACTGCTGGTAAATA,33.33333333333333,2645,TTCTTTTGTCACTCCATATTTGTCTGCATC,36.666666666666664,2959,344,40.0,"    CTACGTCTGTTTATACCTCACTGTTTTCTT                         
-----||-||-|---|--||--|--|-|-|-----------------------------
AAGCAATACAAATGCAACTGCTGGTAAATA                             ",30,30,30
AAGCAATACAAATGCAACTGCTGGTAAATA,33.33333333333333,2645,ATTCTTTTGTCACTCCATATTTGTCTGCAT,33.33333333333333,2960,345,40.0,"     TACGTCTGTTTATACCTCACTGTTTTCTTA                        
-----||-||-|---|--||--|--|-|-|-----------------------------
AAGCAATACAAATGCAACTGCTGGTAAATA                             ",30,30,30
AAGCAATACAAATGCAACTGCTGGTAAATA,33.33333333333333,2645,CATTCTTTTGTCACTCCATATTTGTCTGCA,36.666666666666664,2961,346,36.666666666666664,"     CATTCTTTTGTCACTCCATATTTGTCTGCA                        
------||--||--||--------||||-|-----------------------------
AAGCAATACAAATGCAACTGCTGGTAAATA                             ",30,30,30
AAGCAATACAAATGCAACTGCTGGTAAATA,33.33333333333333,2645,CCATTCTTTTGTCACTCCATATTTGTCTGC,40.0,2962,347,36.666666666666664,"    CCATTCTTTTGTCACTCCATATTTGTCTGC                         
------||--||--||--------||||-|-----------------------------
AAGCAATACAAATGCAACTGCTGGTAAATA                             ",30,30,30
AAGCAATACAAATGCAACTGCTGGTAAATA,33.33333333333333,2645,TCCATTCTTTTGTCACTCCATATTTGTCTG,36.666666666666664,2963,348,36.666666666666664,"TCCATTCTTTTGTCACTCCATATTTGTCTG                             
|-|-||-|-||--|--|----|----|--------------------------------
AAGCAATACAAATGCAACTGCTGGTAAATA                             ",30,30,30
AAGCAATACAAATGCAACTGCTGGTAAATA,33.33333333333333,2645,CAGTCCATTCTTTTGTCACTCCATATTTGT,36.666666666666664,2966,351,36.666666666666664,"CAGTCCATTCTTTTGTCACTCCATATTTGT                             
------||--||--||--------||||-|-----------------------------
AAGCAATACAAATGCAACTGCTGGTAAATA                             ",30,30,30
AAGCAATACAAATGCAACTGCTGGTAAATA,33.33333333333333,2645,ACAGTCCATTCTTTTGTCACTCCATATTTG,36.666666666666664,2967,352,36.666666666666664," ACAGTCCATTCTTTTGTCACTCCATATTTG                            
--|--|---||----|------||||-|-|-----------------------------
AAGCAATACAAATGCAACTGCTGGTAAATA                             ",30,30,30
AAGCAATACAAATGCAACTGCTGGTAAATA,33.33333333333333,2645,CACAGTCCATTCTTTTGTCACTCCATATTT,36.666666666666664,2968,353,36.666666666666664,"CACAGTCCATTCTTTTGTCACTCCATATTT                             
--|--|---||----|------||||-|-|-----------------------------
AAGCAATACAAATGCAACTGCTGGTAAATA                             ",30,30,30
AAGCAATACAAATGCAACTGCTGGTAAATA,33.33333333333333,2645,GCACAGTCCATTCTTTTGTCACTCCATATT,40.0,2969,354,36.666666666666664," GCACAGTCCATTCTTTTGTCACTCCATATT                            
--|----|---|-|-||----||----|||-----------------------------
AAGCAATACAAATGCAACTGCTGGTAAATA                             ",30,30,30
AAGCAATACAAATGCAACTGCTGGTAAATA,33.33333333333333,2645,TGCACAGTCCATTCTTTTGTCACTCCATAT,40.0,2970,355,40.0,"TGCACAGTCCATTCTTTTGTCACTCCATAT                             
|-|----|---|-|-||----||----|||-----------------------------
AAGCAATACAAATGCAACTGCTGGTAAATA                             ",30,30,30
AAGCAATACAAATGCAACTGCTGGTAAATA,33.33333333333333,2645,ATAGTAGTATCTCTATAATGCACAGTCCAT,33.33333333333333,2988,373,40.0,"ATAGTAGTATCTCTATAATGCACAGTCCAT                             
-|-||--|-|-|---|-----||--|--||-----------------------------
AAGCAATACAAATGCAACTGCTGGTAAATA                             ",30,30,30
AAGCAATACAAATGCAACTGCTGGTAAATA,33.33333333333333,2645,AATAGTAGTATCTCTATAATGCACAGTCCA,33.33333333333333,2989,374,36.666666666666664," AAGCAATACAAATGCAACTGCTGGTAAATA                            
--|-||--|-|-|---|-----||--|--|-----------------------------
AATAGTAGTATCTCTATAATGCACAGTCCA                             ",30,30,30
AAGCAATACAAATGCAACTGCTGGTAAATA,33.33333333333333,2645,CAATAGTAGTATCTCTATAATGCACAGTCC,36.666666666666664,2990,375,40.0,"       AAGCAATACAAATGCAACTGCTGGTAAATA                      
------------|||-|-||-|-|||--||-----------------------------
CCTGACACGTAATATCTCTATGATGATAAC                             ",30,30,30
AAGCAATACAAATGCAACTGCTGGTAAATA,33.33333333333333,2645,ACAATAGTAGTATCTCTATAATGCACAGTC,33.33333333333333,2991,376,40.0,"      AAGCAATACAAATGCAACTGCTGGTAAATA                       
-----------|||-|-||-|-|||--||------------------------------
CTGACACGTAATATCTCTATGATGATAACA                             ",30,30,30
AAGCAATACAAATGCAACTGCTGGTAAATA,33.33333333333333,2645,GACAATAGTAGTATCTCTATAATGCACAGT,33.33333333333333,2992,377,40.0,"     AAGCAATACAAATGCAACTGCTGGTAAATA                        
----------|||-|-||-|-|||--||-------------------------------
TGACACGTAATATCTCTATGATGATAACAG                             ",30,30,30
AAGCAATACAAATGCAACTGCTGGTAAATA,33.33333333333333,2645,AGACAATAGTAGTATCTCTATAATGCACAG,33.33333333333333,2993,378,40.0,"    AAGCAATACAAATGCAACTGCTGGTAAATA                         
---------|||-|-||-|-|||--||--------------------------------
GACACGTAATATCTCTATGATGATAACAGA                             ",30,30,30
AAGCAATACAAATGCAACTGCTGGTAAATA,33.33333333333333,2645,GGAGCTGGAAGAGGAGACAATAGTAGTATC,46.666666666666664,3007,392,40.0," CTATGATGATAACAGAGGAGAAGGTCGAGG                            
----|-|||-|-||---|--||---|--|------------------------------
AAGCAATACAAATGCAACTGCTGGTAAATA                             ",30,30,30
AAGCAATACAAATGCAACTGCTGGTAAATA,33.33333333333333,2645,TGGAGCTGGAAGAGGAGACAATAGTAGTAT,43.333333333333336,3008,393,40.0,"  TATGATGATAACAGAGGAGAAGGTCGAGGT                           
----|-|||-|-||---|--||---|--|------------------------------
AAGCAATACAAATGCAACTGCTGGTAAATA                             ",30,30,30
AAGCAATACAAATGCAACTGCTGGTAAATA,33.33333333333333,2645,CTGGAGCTGGAAGAGGAGACAATAGTAGTA,46.666666666666664,3009,394,40.0,"   ATGATGATAACAGAGGAGAAGGTCGAGGTC                          
----|-|||-|-||---|--||---|--|------------------------------
AAGCAATACAAATGCAACTGCTGGTAAATA                             ",30,30,30
AAGCAATACAAATGCAACTGCTGGTAAATA,33.33333333333333,2645,GCTGGAGCTGGAAGAGGAGACAATAGTAGT,50.0,3010,395,40.0,"    TGATGATAACAGAGGAGAAGGTCGAGGTCG                         
----|-|||-|-||---|--||---|--|------------------------------
AAGCAATACAAATGCAACTGCTGGTAAATA                             ",30,30,30
AAGCAATACAAATGCAACTGCTGGTAAATA,33.33333333333333,2645,TGCTGGAGCTGGAAGAGGAGACAATAGTAG,50.0,3011,396,36.666666666666664,"     GATGATAACAGAGGAGAAGGTCGAGGTCGT                        
------|||-|-||---|--||---|--|------------------------------
AAGCAATACAAATGCAACTGCTGGTAAATA                             ",30,30,30
AAGCAATACAAATGCAACTGCTGGTAAATA,33.33333333333333,2645,CTGCTGGAGCTGGAAGAGGAGACAATAGTA,50.0,3012,397,36.666666666666664,"      ATGATAACAGAGGAGAAGGTCGAGGTCGTC                       
------|||-|-||---|--||---|--|------------------------------
AAGCAATACAAATGCAACTGCTGGTAAATA                             ",30,30,30
AAGCAATACAAATGCAACTGCTGGTAAATA,33.33333333333333,2645,CCTGCTGGAGCTGGAAGAGGAGACAATAGT,53.333333333333336,3013,398,33.33333333333333," AAGCAATACAAATGCAACTGCTGGTAAATA                            
--|--|---|-|------|--|||-||--------------------------------
CCTGCTGGAGCTGGAAGAGGAGACAATAGT                             ",30,30,30
AAGCAATACAAATGCAACTGCTGGTAAATA,33.33333333333333,2645,GAGTCTGCGACCCTCCTGCTGGAGCTGGAA,63.33333333333333,3027,412,36.666666666666664,"     AAGGTCGAGGTCGTCCTCCCAGCGTCTGAG                        
------|-||--|-||-|-|--||-----|-----------------------------
AAGCAATACAAATGCAACTGCTGGTAAATA                             ",30,30,30
AAGCAATACAAATGCAACTGCTGGTAAATA,33.33333333333333,2645,GGAGTCTGCGACCCTCCTGCTGGAGCTGGA,66.66666666666666,3028,413,36.666666666666664,"      AGGTCGAGGTCGTCCTCCCAGCGTCTGAGG                       
------|-||--|-||-|-|--||-----|-----------------------------
AAGCAATACAAATGCAACTGCTGGTAAATA                             ",30,30,30
AAGCAATACAAATGCAACTGCTGGTAAATA,33.33333333333333,2645,TGGAGTCTGCGACCCTCCTGCTGGAGCTGG,66.66666666666666,3029,414,33.33333333333333,"       GGTCGAGGTCGTCCTCCCAGCGTCTGAGGT                      
--------||--|-||-|-|--||-----|-----------------------------
AAGCAATACAAATGCAACTGCTGGTAAATA                             ",30,30,30
AAGCAATACAAATGCAACTGCTGGTAAATA,33.33333333333333,2645,CTGGAGTCTGCGACCCTCCTGCTGGAGCTG,66.66666666666666,3030,415,33.33333333333333,"      AAGCAATACAAATGCAACTGCTGGTAAATA                       
-------||||--|-----|||----|--|-----------------------------
GTCGAGGTCGTCCTCCCAGCGTCTGAGGTC                             ",30,30,30
AAGCAATACAAATGCAACTGCTGGTAAATA,33.33333333333333,2645,AAGGCTTGGCTGGAGTCTGCGACCCTCCTG,63.33333333333333,3039,424,40.0,"AAGGCTTGGCTGGAGTCTGCGACCCTCCTG                             
---|-|--|-|---||---|||||-|---------------------------------
AAGCAATACAAATGCAACTGCTGGTAAATA                             ",30,30,30
AAGCAATACAAATGCAACTGCTGGTAAATA,33.33333333333333,2645,GAAGGCTTGGCTGGAGTCTGCGACCCTCCT,63.33333333333333,3040,425,40.0," AAGCAATACAAATGCAACTGCTGGTAAATA                            
----|-|--|-|---||---|||||-|--------------------------------
GAAGGCTTGGCTGGAGTCTGCGACCCTCCT                             ",30,30,30
AAGCAATACAAATGCAACTGCTGGTAAATA,33.33333333333333,2645,TGAAGGCTTGGCTGGAGTCTGCGACCCTCC,63.33333333333333,3041,426,40.0,"  AAGCAATACAAATGCAACTGCTGGTAAATA                           
-----|-|--|-|---||---|||||-|-------------------------------
TGAAGGCTTGGCTGGAGTCTGCGACCCTCC                             ",30,30,30
AAGCAATACAAATGCAACTGCTGGTAAATA,33.33333333333333,2645,GTGAAGGCTTGGCTGGAGTCTGCGACCCTC,63.33333333333333,3042,427,40.0,"   AAGCAATACAAATGCAACTGCTGGTAAATA                          
------|-|--|-|---||---|||||-|------------------------------
GTGAAGGCTTGGCTGGAGTCTGCGACCCTC                             ",30,30,30
AAGCAATACAAATGCAACTGCTGGTAAATA,33.33333333333333,2645,GGTGAAGGCTTGGCTGGAGTCTGCGACCCT,63.33333333333333,3043,428,40.0,"    AAGCAATACAAATGCAACTGCTGGTAAATA                         
-------|-|--|-|---||---|||||-|-----------------------------
GGTGAAGGCTTGGCTGGAGTCTGCGACCCT                             ",30,30,30
AAGCAATACAAATGCAACTGCTGGTAAATA,33.33333333333333,2645,TTGGGTGAAGGCTTGGCTGGAGTCTGCGAC,60.0,3046,431,36.666666666666664," AAGCAATACAAATGCAACTGCTGGTAAATA                            
-|--||-|-|--|--|-||--|-|-----------------------------------
TTGGGTGAAGGCTTGGCTGGAGTCTGCGAC                             ",30,30,30
AAGCAATACAAATGCAACTGCTGGTAAATA,33.33333333333333,2645,GTTGGGTGAAGGCTTGGCTGGAGTCTGCGA,60.0,3047,432,36.666666666666664,"  AAGCAATACAAATGCAACTGCTGGTAAATA                           
--|--||-|-|--|--|-||--|-|----------------------------------
GTTGGGTGAAGGCTTGGCTGGAGTCTGCGA                             ",30,30,30
AAGCAATACAAATGCAACTGCTGGTAAATA,33.33333333333333,2645,GGTTGGGTGAAGGCTTGGCTGGAGTCTGCG,63.33333333333333,3048,433,36.666666666666664,"   AAGCAATACAAATGCAACTGCTGGTAAATA                          
---|--||-|-|--|--|-||--|-|---------------------------------
GGTTGGGTGAAGGCTTGGCTGGAGTCTGCG                             ",30,30,30
AAGCAATACAAATGCAACTGCTGGTAAATA,33.33333333333333,2645,GGGTTGGGTGAAGGCTTGGCTGGAGTCTGC,63.33333333333333,3049,434,36.666666666666664,"    AAGCAATACAAATGCAACTGCTGGTAAATA                         
----|--||-|-|--|--|-||--|-|--------------------------------
GGGTTGGGTGAAGGCTTGGCTGGAGTCTGC                             ",30,30,30
AAGCAATACAAATGCAACTGCTGGTAAATA,33.33333333333333,2645,AGAGGGTTGGGTGAAGGCTTGGCTGGAGTC,60.0,3052,437,36.666666666666664,"       AAGCAATACAAATGCAACTGCTGGTAAATA                      
-------|--||-|-|--|--|-||--|-|-----------------------------
AGAGGGTTGGGTGAAGGCTTGGCTGGAGTC                             ",30,30,30
AAGCAATACAAATGCAACTGCTGGTAAATA,33.33333333333333,2645,TAGAGGGTTGGGTGAAGGCTTGGCTGGAGT,56.666666666666664,3053,438,33.33333333333333,"   AAGCAATACAAATGCAACTGCTGGTAAATA                          
------|||--||--|-|-|-------|-|-----------------------------
TAGAGGGTTGGGTGAAGGCTTGGCTGGAGT                             ",30,30,30
AAGCAATACAAATGCAACTGCTGGTAAATA,33.33333333333333,2645,GTAGAGGGTTGGGTGAAGGCTTGGCTGGAG,60.0,3054,439,33.33333333333333,"   GTAGAGGGTTGGGTGAAGGCTTGGCTGGAG                          
---||---|--|--|-|||-|-|------------------------------------
AAGCAATACAAATGCAACTGCTGGTAAATA                             ",30,30,30
AAGCAATACAAATGCAACTGCTGGTAAATA,33.33333333333333,2645,GGTAGAGGGTTGGGTGAAGGCTTGGCTGGA,60.0,3055,440,33.33333333333333,"  GGTAGAGGGTTGGGTGAAGGCTTGGCTGGA                           
---||---|--|--|-|||-|-|------------------------------------
AAGCAATACAAATGCAACTGCTGGTAAATA                             ",30,30,30
AAGCAATACAAATGCAACTGCTGGTAAATA,33.33333333333333,2645,AGGTAGAGGGTTGGGTGAAGGCTTGGCTGG,60.0,3056,441,33.33333333333333," AGGTAGAGGGTTGGGTGAAGGCTTGGCTGG                            
---||---|--|--|-|||-|-|------------------------------------
AAGCAATACAAATGCAACTGCTGGTAAATA                             ",30,30,30
AAGCAATACAAATGCAACTGCTGGTAAATA,33.33333333333333,2645,GAGGTAGAGGGTTGGGTGAAGGCTTGGCTG,60.0,3057,442,33.33333333333333,"GAGGTAGAGGGTTGGGTGAAGGCTTGGCTG                             
---||---|--|--|-|||-|-|------------------------------------
AAGCAATACAAATGCAACTGCTGGTAAATA                             ",30,30,30
AAGCAATACAAATGCAACTGCTGGTAAATA,33.33333333333333,2645,GGAGGTAGAGGGTTGGGTGAAGGCTTGGCT,60.0,3058,443,33.33333333333333," AAGCAATACAAATGCAACTGCTGGTAAATA                            
----||---|--|--|-|||-|-|-----------------------------------
GGAGGTAGAGGGTTGGGTGAAGGCTTGGCT                             ",30,30,30
AAGCAATACAAATGCAACTGCTGGTAAATA,33.33333333333333,2645,CGGAGGTAGAGGGTTGGGTGAAGGCTTGGC,63.33333333333333,3059,444,33.33333333333333,"  AAGCAATACAAATGCAACTGCTGGTAAATA                           
-----||---|--|--|-|||-|-|----------------------------------
CGGAGGTAGAGGGTTGGGTGAAGGCTTGGC                             ",30,30,30
AAGCAATACAAATGCAACTGCTGGTAAATA,33.33333333333333,2645,CCGGAGGTAGAGGGTTGGGTGAAGGCTTGG,63.33333333333333,3060,445,33.33333333333333,"  CCGGAGGTAGAGGGTTGGGTGAAGGCTTGG                           
--|---|-||--|-|-|---|---|----|-----------------------------
AAGCAATACAAATGCAACTGCTGGTAAATA                             ",30,30,30
AAGCAATACAAATGCAACTGCTGGTAAATA,33.33333333333333,2645,CCCGGAGGTAGAGGGTTGGGTGAAGGCTTG,63.33333333333333,3061,446,33.33333333333333," CCCGGAGGTAGAGGGTTGGGTGAAGGCTTG                            
--|---|-||--|-|-|---|---|----|-----------------------------
AAGCAATACAAATGCAACTGCTGGTAAATA                             ",30,30,30
AAGCAATACAAATGCAACTGCTGGTAAATA,33.33333333333333,2645,ACCCGGAGGTAGAGGGTTGGGTGAAGGCTT,60.0,3062,447,33.33333333333333,"ACCCGGAGGTAGAGGGTTGGGTGAAGGCTT                             
--|---|-||--|-|-|---|---|----|-----------------------------
AAGCAATACAAATGCAACTGCTGGTAAATA                             ",30,30,30
AAGCAATACAAATGCAACTGCTGGTAAATA,33.33333333333333,2645,TACCCGGAGGTAGAGGGTTGGGTGAAGGCT,60.0,3063,448,36.666666666666664,"AAGCAATACAAATGCAACTGCTGGTAAATA                             
|--|---||--|--|--||-|-------||-----------------------------
TCGGAAGTGGGTTGGGAGATGGAGGCCCAT                             ",30,30,30
AAGCAATACAAATGCAACTGCTGGTAAATA,33.33333333333333,2645,GTACCCGGAGGTAGAGGGTTGGGTGAAGGC,63.33333333333333,3064,449,33.33333333333333,"       AAGCAATACAAATGCAACTGCTGGTAAATA                      
----------||---|--|--|-|||-|-|-----------------------------
GTACCCGGAGGTAGAGGGTTGGGTGAAGGC                             ",30,30,30
AAGCAATACAAATGCAACTGCTGGTAAATA,33.33333333333333,2645,AGTACCCGGAGGTAGAGGGTTGGGTGAAGG,60.0,3065,450,36.666666666666664," AAGCAATACAAATGCAACTGCTGGTAAATA                            
----||----|----|-||--|-||--|-|-----------------------------
GGAAGTGGGTTGGGAGATGGAGGCCCATGA                             ",30,30,30
AAGCAATACAAATGCAACTGCTGGTAAATA,33.33333333333333,2645,GAGTACCCGGAGGTAGAGGGTTGGGTGAAG,60.0,3066,451,36.666666666666664,"AAGCAATACAAATGCAACTGCTGGTAAATA                             
---||----|----|-||--|-||--|-|------------------------------
GAAGTGGGTTGGGAGATGGAGGCCCATGAG                             ",30,30,30
AAGCAATACAAATGCAACTGCTGGTAAATA,33.33333333333333,2645,GGAGTACCCGGAGGTAGAGGGTTGGGTGAA,60.0,3067,452,36.666666666666664," AAGTGGGTTGGGAGATGGAGGCCCATGAGG                            
---||----|----|-||--|-||--|-|------------------------------
AAGCAATACAAATGCAACTGCTGGTAAATA                             ",30,30,30
AAGCAATACAAATGCAACTGCTGGTAAATA,33.33333333333333,2645,TGGAGTACCCGGAGGTAGAGGGTTGGGTGA,60.0,3068,453,36.666666666666664,"  AAGCAATACAAATGCAACTGCTGGTAAATA                           
--|--|||--|-----|--|-|-|--|--|-----------------------------
AGTGGGTTGGGAGATGGAGGCCCATGAGGT                             ",30,30,30
AAGCAATACAAATGCAACTGCTGGTAAATA,33.33333333333333,2645,TTGGAGTACCCGGAGGTAGAGGGTTGGGTG,60.0,3069,454,36.666666666666664," AAGCAATACAAATGCAACTGCTGGTAAATA                            
-|--|||--|-----|--|-|-|--|--|------------------------------
GTGGGTTGGGAGATGGAGGCCCATGAGGTT                             ",30,30,30
AAGCAATACAAATGCAACTGCTGGTAAATA,33.33333333333333,2645,CTTGGAGTACCCGGAGGTAGAGGGTTGGGT,60.0,3070,455,36.666666666666664,"AAGCAATACAAATGCAACTGCTGGTAAATA                             
|--|||--|-----|--|-|-|--|--|-------------------------------
TGGGTTGGGAGATGGAGGCCCATGAGGTTC                             ",30,30,30
AAGCAATACAAATGCAACTGCTGGTAAATA,33.33333333333333,2645,TCTTGGAGTACCCGGAGGTAGAGGGTTGGG,60.0,3071,456,36.666666666666664,"  AAGCAATACAAATGCAACTGCTGGTAAATA                           
---|-|--|--|--|-|---|-||---|-|-----------------------------
GGGTTGGGAGATGGAGGCCCATGAGGTTCT                             ",30,30,30
AAGCAATACAAATGCAACTGCTGGTAAATA,33.33333333333333,2645,GTCTTGGAGTACCCGGAGGTAGAGGGTTGG,60.0,3072,457,36.666666666666664," AAGCAATACAAATGCAACTGCTGGTAAATA                            
--|-|--|--|--|-|---|-||---|-|------------------------------
GGTTGGGAGATGGAGGCCCATGAGGTTCTG                             ",30,30,30
AAGCAATACAAATGCAACTGCTGGTAAATA,33.33333333333333,2645,GGTCTTGGAGTACCCGGAGGTAGAGGGTTG,60.0,3073,458,36.666666666666664,"AAGCAATACAAATGCAACTGCTGGTAAATA                             
-|-|--|--|--|-|---|-||---|-|-------------------------------
GTTGGGAGATGGAGGCCCATGAGGTTCTGG                             ",30,30,30
AAGCAATACAAATGCAACTGCTGGTAAATA,33.33333333333333,2645,GGGTCTTGGAGTACCCGGAGGTAGAGGGTT,60.0,3074,459,36.666666666666664," TTGGGAGATGGAGGCCCATGAGGTTCTGGG                            
-|-|--|--|--|-|---|-||---|-|-------------------------------
AAGCAATACAAATGCAACTGCTGGTAAATA                             ",30,30,30
AAGCAATACAAATGCAACTGCTGGTAAATA,33.33333333333333,2645,GGGGTCTTGGAGTACCCGGAGGTAGAGGGT,63.33333333333333,3075,460,33.33333333333333,"   GGGGTCTTGGAGTACCCGGAGGTAGAGGGT                          
---|---|-||---||---||----|--|------------------------------
AAGCAATACAAATGCAACTGCTGGTAAATA                             ",30,30,30
AAGCAATACAAATGCAACTGCTGGTAAATA,33.33333333333333,2645,TGGGGTCTTGGAGTACCCGGAGGTAGAGGG,63.33333333333333,3076,461,33.33333333333333,"  TGGGGTCTTGGAGTACCCGGAGGTAGAGGG                           
---|---|-||---||---||----|--|------------------------------
AAGCAATACAAATGCAACTGCTGGTAAATA                             ",30,30,30
AAGCAATACAAATGCAACTGCTGGTAAATA,33.33333333333333,2645,ATGGGGTCTTGGAGTACCCGGAGGTAGAGG,60.0,3077,462,33.33333333333333," ATGGGGTCTTGGAGTACCCGGAGGTAGAGG                            
---|---|-||---||---||----|--|------------------------------
AAGCAATACAAATGCAACTGCTGGTAAATA                             ",30,30,30
AAGCAATACAAATGCAACTGCTGGTAAATA,33.33333333333333,2645,GATGGGGTCTTGGAGTACCCGGAGGTAGAG,60.0,3078,463,33.33333333333333,"GATGGGGTCTTGGAGTACCCGGAGGTAGAG                             
---|---|-||---||---||----|--|------------------------------
AAGCAATACAAATGCAACTGCTGGTAAATA                             ",30,30,30
AAGCAATACAAATGCAACTGCTGGTAAATA,33.33333333333333,2645,CGATGGGGTCTTGGAGTACCCGGAGGTAGA,60.0,3079,464,33.33333333333333," CGATGGGGTCTTGGAGTACCCGGAGGTAGA                            
----|---||-|--|---||----|--||------------------------------
AAGCAATACAAATGCAACTGCTGGTAAATA                             ",30,30,30
AAGCAATACAAATGCAACTGCTGGTAAATA,33.33333333333333,2645,GCGATGGGGTCTTGGAGTACCCGGAGGTAG,63.33333333333333,3080,465,36.666666666666664,"   GCGATGGGGTCTTGGAGTACCCGGAGGTAG                          
---|--|||----|-|-||--|||-----------------------------------
AAGCAATACAAATGCAACTGCTGGTAAATA                             ",30,30,30
AAGCAATACAAATGCAACTGCTGGTAAATA,33.33333333333333,2645,GGCGATGGGGTCTTGGAGTACCCGGAGGTA,63.33333333333333,3081,466,36.666666666666664,"  GGCGATGGGGTCTTGGAGTACCCGGAGGTA                           
---|--|||----|-|-||--|||-----------------------------------
AAGCAATACAAATGCAACTGCTGGTAAATA                             ",30,30,30
AAGCAATACAAATGCAACTGCTGGTAAATA,33.33333333333333,2645,CGGCGATGGGGTCTTGGAGTACCCGGAGGT,66.66666666666666,3082,467,36.666666666666664," CGGCGATGGGGTCTTGGAGTACCCGGAGGT                            
---|--|||----|-|-||--|||-----------------------------------
AAGCAATACAAATGCAACTGCTGGTAAATA                             ",30,30,30
AAGCAATACAAATGCAACTGCTGGTAAATA,33.33333333333333,2645,TCGGCGATGGGGTCTTGGAGTACCCGGAGG,66.66666666666666,3083,468,40.0,"TCGGCGATGGGGTCTTGGAGTACCCGGAGG                             
|--|--|||----|-|-||--|||-----------------------------------
AAGCAATACAAATGCAACTGCTGGTAAATA                             ",30,30,30
AAGCAATACAAATGCAACTGCTGGTAAATA,33.33333333333333,2645,TTCGGCGATGGGGTCTTGGAGTACCCGGAG,63.33333333333333,3084,469,40.0," AAGCAATACAAATGCAACTGCTGGTAAATA                            
-|--|--|||----|-|-||--|||----------------------------------
TTCGGCGATGGGGTCTTGGAGTACCCGGAG                             ",30,30,30
AAGCAATACAAATGCAACTGCTGGTAAATA,33.33333333333333,2645,CTTCGGCGATGGGGTCTTGGAGTACCCGGA,63.33333333333333,3085,470,40.0,"  AAGCAATACAAATGCAACTGCTGGTAAATA                           
--|--|--|||----|-|-||--|||---------------------------------
CTTCGGCGATGGGGTCTTGGAGTACCCGGA                             ",30,30,30
AAGCAATACAAATGCAACTGCTGGTAAATA,33.33333333333333,2645,GCTTCGGCGATGGGGTCTTGGAGTACCCGG,66.66666666666666,3086,471,40.0,"   AAGCAATACAAATGCAACTGCTGGTAAATA                          
---|--|--|||----|-|-||--|||--------------------------------
GCTTCGGCGATGGGGTCTTGGAGTACCCGG                             ",30,30,30
AAGCAATACAAATGCAACTGCTGGTAAATA,33.33333333333333,2645,CGCTTCGGCGATGGGGTCTTGGAGTACCCG,66.66666666666666,3087,472,40.0,"    AAGCAATACAAATGCAACTGCTGGTAAATA                         
----|--|--|||----|-|-||--|||-------------------------------
CGCTTCGGCGATGGGGTCTTGGAGTACCCG                             ",30,30,30
AAGCAATACAAATGCAACTGCTGGTAAATA,33.33333333333333,2645,ACGCTTCGGCGATGGGGTCTTGGAGTACCC,63.33333333333333,3088,473,40.0,"     AAGCAATACAAATGCAACTGCTGGTAAATA                        
-----|--|--|||----|-|-||--|||------------------------------
ACGCTTCGGCGATGGGGTCTTGGAGTACCC                             ",30,30,30
AAGCAATACAAATGCAACTGCTGGTAAATA,33.33333333333333,2645,GACGCTTCGGCGATGGGGTCTTGGAGTACC,63.33333333333333,3089,474,40.0,"      AAGCAATACAAATGCAACTGCTGGTAAATA                       
------|--|--|||----|-|-||--|||-----------------------------
GACGCTTCGGCGATGGGGTCTTGGAGTACC                             ",30,30,30
AAGCAATACAAATGCAACTGCTGGTAAATA,33.33333333333333,2645,CGACGCTTCGGCGATGGGGTCTTGGAGTAC,63.33333333333333,3090,475,36.666666666666664,"       AAGCAATACAAATGCAACTGCTGGTAAATA                      
-------|--|--|||----|-|-||--||-----------------------------
CGACGCTTCGGCGATGGGGTCTTGGAGTAC                             ",30,30,30
AAGCAATACAAATGCAACTGCTGGTAAATA,33.33333333333333,2645,TCGACGCTTCGGCGATGGGGTCTTGGAGTA,60.0,3091,476,36.666666666666664," TCGACGCTTCGGCGATGGGGTCTTGGAGTA                            
-|||-----|---||-||--|-|------|-----------------------------
AAGCAATACAAATGCAACTGCTGGTAAATA                             ",30,30,30
AAGCAATACAAATGCAACTGCTGGTAAATA,33.33333333333333,2645,GTCGACGCTTCGGCGATGGGGTCTTGGAGT,63.33333333333333,3092,477,36.666666666666664,"GTCGACGCTTCGGCGATGGGGTCTTGGAGT                             
-|||-----|---||-||--|-|------|-----------------------------
AAGCAATACAAATGCAACTGCTGGTAAATA                             ",30,30,30
AAGCAATACAAATGCAACTGCTGGTAAATA,33.33333333333333,2645,CGTCGACGCTTCGGCGATGGGGTCTTGGAG,66.66666666666666,3093,478,36.666666666666664,"  CGTCGACGCTTCGGCGATGGGGTCTTGGAG                           
--|||------|-||--||-|-----||-------------------------------
AAGCAATACAAATGCAACTGCTGGTAAATA                             ",30,30,30
AAGCAATACAAATGCAACTGCTGGTAAATA,33.33333333333333,2645,GAATCTGCCTCTTCTGCAGCTCGTCGACGC,60.0,3114,499,40.0,"     AAGCAATACAAATGCAACTGCTGGTAAATA                        
-----|-|-|--|-|--|--|-|-||||-------------------------------
GAATCTGCCTCTTCTGCAGCTCGTCGACGC                             ",30,30,30
AAGCAATACAAATGCAACTGCTGGTAAATA,33.33333333333333,2645,GGAATCTGCCTCTTCTGCAGCTCGTCGACG,60.0,3115,500,40.0,"      AAGCAATACAAATGCAACTGCTGGTAAATA                       
------|-|-|--|-|--|--|-|-||||------------------------------
GGAATCTGCCTCTTCTGCAGCTCGTCGACG                             ",30,30,30
CAAACGACCCTTGCTGATCTATTATTAAAA,33.33333333333333,3722,CAATCCACCCAAATAAATTACACTTCCAAA,33.33333333333333,3755,63,36.666666666666664,"   CAATCCACCCAAATAAATTACACTTCCAAA                          
------|-----|-|-||-||-|-|-||-------------------------------
CAAACGACCCTTGCTGATCTATTATTAAAA                             ",30,30,30
CAAACGACCCTTGCTGATCTATTATTAAAA,33.33333333333333,3722,CCAATCCACCCAAATAAATTACACTTCCAA,36.666666666666664,3756,64,36.666666666666664,"  CCAATCCACCCAAATAAATTACACTTCCAA                           
------|-----|-|-||-||-|-|-||-------------------------------
CAAACGACCCTTGCTGATCTATTATTAAAA                             ",30,30,30
CAAACGACCCTTGCTGATCTATTATTAAAA,33.33333333333333,3722,CCCAATCCACCCAAATAAATTACACTTCCA,40.0,3757,65,36.666666666666664," CCCAATCCACCCAAATAAATTACACTTCCA                            
------|-----|-|-||-||-|-|-||-------------------------------
CAAACGACCCTTGCTGATCTATTATTAAAA                             ",30,30,30
CAAACGACCCTTGCTGATCTATTATTAAAA,33.33333333333333,3722,TCCCAATCCACCCAAATAAATTACACTTCC,40.0,3758,66,36.666666666666664,"TCCCAATCCACCCAAATAAATTACACTTCC                             
------|-----|-|-||-||-|-|-||-------------------------------
CAAACGACCCTTGCTGATCTATTATTAAAA                             ",30,30,30
CAAACGACCCTTGCTGATCTATTATTAAAA,33.33333333333333,3722,TTCCCAATCCACCCAAATAAATTACACTTC,36.666666666666664,3759,67,40.0," TTCCCAATCCACCCAAATAAATTACACTTC                            
-||--|-----||----|-|-|-||---||-----------------------------
CAAACGACCCTTGCTGATCTATTATTAAAA                             ",30,30,30
CAAACGACCCTTGCTGATCTATTATTAAAA,33.33333333333333,3722,ATTCCCAATCCACCCAAATAAATTACACTT,33.33333333333333,3760,68,40.0,"ATTCCCAATCCACCCAAATAAATTACACTT                             
-||--|-----||----|-|-|-||---||-----------------------------
CAAACGACCCTTGCTGATCTATTATTAAAA                             ",30,30,30
CAAACGACCCTTGCTGATCTATTATTAAAA,33.33333333333333,3722,AATTCCCAATCCACCCAAATAAATTACACT,33.33333333333333,3761,69,36.666666666666664," CAAACGACCCTTGCTGATCTATTATTAAAA                            
--||--|-----||----|-|-|-||---|-----------------------------
AATTCCCAATCCACCCAAATAAATTACACT                             ",30,30,30
CAAACGACCCTTGCTGATCTATTATTAAAA,33.33333333333333,3722,CAATTCCCAATCCACCCAAATAAATTACAC,36.666666666666664,3762,70,33.33333333333333,"   CAATTCCCAATCCACCCAAATAAATTACAC                          
------|----|---|-----|||||-||------------------------------
CAAACGACCCTTGCTGATCTATTATTAAAA                             ",30,30,30
CAAACGACCCTTGCTGATCTATTATTAAAA,33.33333333333333,3722,CCAATTCCCAATCCACCCAAATAAATTACA,36.666666666666664,3763,71,33.33333333333333,"  CCAATTCCCAATCCACCCAAATAAATTACA                           
------|----|---|-----|||||-||------------------------------
CAAACGACCCTTGCTGATCTATTATTAAAA                             ",30,30,30
CAAACGACCCTTGCTGATCTATTATTAAAA,33.33333333333333,3722,GCCAATTCCCAATCCACCCAAATAAATTAC,40.0,3764,72,33.33333333333333,"GCCAATTCCCAATCCACCCAAATAAATTAC                             
|-----|---||-------|-|--||||-------------------------------
CAAACGACCCTTGCTGATCTATTATTAAAA                             ",30,30,30
CAAACGACCCTTGCTGATCTATTATTAAAA,33.33333333333333,3722,TGCCAATTCCCAATCCACCCAAATAAATTA,36.666666666666664,3765,73,36.666666666666664,"CAAACGACCCTTGCTGATCTATTATTAAAA                             
-||---|-----|--|||-----|||---|-----------------------------
ATTAAATAAACCCACCTAACCCTTAACCGT                             ",30,30,30
CAAACGACCCTTGCTGATCTATTATTAAAA,33.33333333333333,3722,GTGCCAATTCCCAATCCACCCAAATAAATT,40.0,3766,74,36.666666666666664," TTAAATAAACCCACCTAACCCTTAACCGTG                            
-||---|-----|--|||-----|||---|-----------------------------
CAAACGACCCTTGCTGATCTATTATTAAAA                             ",30,30,30
CAAACGACCCTTGCTGATCTATTATTAAAA,33.33333333333333,3722,TGTGCCAATTCCCAATCCACCCAAATAAAT,40.0,3767,75,36.666666666666664," TGTGCCAATTCCCAATCCACCCAAATAAAT                            
-|-|||------|-|-|--|----|||--------------------------------
CAAACGACCCTTGCTGATCTATTATTAAAA                             ",30,30,30
CAAACGACCCTTGCTGATCTATTATTAAAA,33.33333333333333,3722,CTGTGCCAATTCCCAATCCACCCAAATAAA,43.333333333333336,3768,76,36.666666666666664,"CTGTGCCAATTCCCAATCCACCCAAATAAA                             
-|-|||------|-|-|--|----|||--------------------------------
CAAACGACCCTTGCTGATCTATTATTAAAA                             ",30,30,30
CAAACGACCCTTGCTGATCTATTATTAAAA,33.33333333333333,3722,CCTGTGCCAATTCCCAATCCACCCAAATAA,46.666666666666664,3769,77,36.666666666666664," CAAACGACCCTTGCTGATCTATTATTAAAA                            
--|-|||------|-|-|--|----|||-------------------------------
CCTGTGCCAATTCCCAATCCACCCAAATAA                             ",30,30,30
CAAACGACCCTTGCTGATCTATTATTAAAA,33.33333333333333,3722,GAACCTGTGCCAATTCCCAATCCACCCAAA,50.0,3772,80,33.33333333333333,"    CAAACGACCCTTGCTGATCTATTATTAAAA                         
-----|-|||------|-|-|--|----||-----------------------------
GAACCTGTGCCAATTCCCAATCCACCCAAA                             ",30,30,30
CAAACGACCCTTGCTGATCTATTATTAAAA,33.33333333333333,3722,AGAACCTGTGCCAATTCCCAATCCACCCAA,50.0,3773,81,30.0,"     CAAACGACCCTTGCTGATCTATTATTAAAA                        
------|-|||------|-|-|--|----|-----------------------------
AGAACCTGTGCCAATTCCCAATCCACCCAA                             ",30,30,30
CAAACGACCCTTGCTGATCTATTATTAAAA,33.33333333333333,3722,CAGAACCTGTGCCAATTCCCAATCCACCCA,53.333333333333336,3774,82,26.666666666666668,"       CAGAACCTGTGCCAATTCCCAATCCACCCA                      
---------||||---|----|-|-----|-----------------------------
CAAACGACCCTTGCTGATCTATTATTAAAA                             ",30,30,30
CAAACGACCCTTGCTGATCTATTATTAAAA,33.33333333333333,3722,CCAGAACCTGTGCCAATTCCCAATCCACCC,56.666666666666664,3775,83,26.666666666666668,"      CCAGAACCTGTGCCAATTCCCAATCCACCC                       
---------||||---|----|-|-----|-----------------------------
CAAACGACCCTTGCTGATCTATTATTAAAA                             ",30,30,30
CAAACGACCCTTGCTGATCTATTATTAAAA,33.33333333333333,3722,ACCAGAACCTGTGCCAATTCCCAATCCACC,53.333333333333336,3776,84,30.0,"    CAAACGACCCTTGCTGATCTATTATTAAAA                         
-----|---|----|-||--|--|--|--|-----------------------------
CCACCTAACCCTTAACCGTGTCCAAGACCA                             ",30,30,30
CAAACGACCCTTGCTGATCTATTATTAAAA,33.33333333333333,3722,CACCAGAACCTGTGCCAATTCCCAATCCAC,53.333333333333336,3777,85,30.0,"   CAAACGACCCTTGCTGATCTATTATTAAAA                          
----|---|----|-||--|--|--|--|------------------------------
CACCTAACCCTTAACCGTGTCCAAGACCAC                             ",30,30,30
CAAACGACCCTTGCTGATCTATTATTAAAA,33.33333333333333,3722,ACACCAGAACCTGTGCCAATTCCCAATCCA,50.0,3778,86,30.0,"  CAAACGACCCTTGCTGATCTATTATTAAAA                           
---|---|----|-||--|--|--|--|-------------------------------
ACCTAACCCTTAACCGTGTCCAAGACCACA                             ",30,30,30
CAAACGACCCTTGCTGATCTATTATTAAAA,33.33333333333333,3722,AACACCAGAACCTGTGCCAATTCCCAATCC,50.0,3779,87,33.33333333333333,"       CAAACGACCCTTGCTGATCTATTATTAAAA                      
--------||--|-|-|--|-|----|-||-----------------------------
CCTAACCCTTAACCGTGTCCAAGACCACAA                             ",30,30,30
CAAACGACCCTTGCTGATCTATTATTAAAA,33.33333333333333,3722,CAACACCAGAACCTGTGCCAATTCCCAATC,50.0,3780,88,33.33333333333333,"      CAAACGACCCTTGCTGATCTATTATTAAAA                       
-------||--|-|-|--|-|----|-||------------------------------
CTAACCCTTAACCGTGTCCAAGACCACAAC                             ",30,30,30
CAAACGACCCTTGCTGATCTATTATTAAAA,33.33333333333333,3722,CCAACACCAGAACCTGTGCCAATTCCCAAT,50.0,3781,89,33.33333333333333,"     CAAACGACCCTTGCTGATCTATTATTAAAA                        
------||--|-|-|--|-|----|-||-------------------------------
TAACCCTTAACCGTGTCCAAGACCACAACC                             ",30,30,30
CAAACGACCCTTGCTGATCTATTATTAAAA,33.33333333333333,3722,CCCAACACCAGAACCTGTGCCAATTCCCAA,53.333333333333336,3782,90,33.33333333333333,"    CAAACGACCCTTGCTGATCTATTATTAAAA                         
-----||--|-|-|--|-|----|-||--------------------------------
AACCCTTAACCGTGTCCAAGACCACAACCC                             ",30,30,30
CAAACGACCCTTGCTGATCTATTATTAAAA,33.33333333333333,3722,CCCCAACACCAGAACCTGTGCCAATTCCCA,56.666666666666664,3783,91,33.33333333333333,"   CAAACGACCCTTGCTGATCTATTATTAAAA                          
----||--|-|-|--|-|----|-||---------------------------------
ACCCTTAACCGTGTCCAAGACCACAACCCC                             ",30,30,30
CAAACGACCCTTGCTGATCTATTATTAAAA,33.33333333333333,3722,GCCCCAACACCAGAACCTGTGCCAATTCCC,60.0,3784,92,33.33333333333333,"  CAAACGACCCTTGCTGATCTATTATTAAAA                           
---||--|-|-|--|-|----|-||----------------------------------
CCCTTAACCGTGTCCAAGACCACAACCCCG                             ",30,30,30
CAAACGACCCTTGCTGATCTATTATTAAAA,33.33333333333333,3722,AGCCCCAACACCAGAACCTGTGCCAATTCC,56.666666666666664,3785,93,33.33333333333333," CAAACGACCCTTGCTGATCTATTATTAAAA                            
--||--|-|-|--|-|----|-||-----------------------------------
CCTTAACCGTGTCCAAGACCACAACCCCGA                             ",30,30,30
CAAACGACCCTTGCTGATCTATTATTAAAA,33.33333333333333,3722,AAGCCCCAACACCAGAACCTGTGCCAATTC,53.333333333333336,3786,94,33.33333333333333,"CAAACGACCCTTGCTGATCTATTATTAAAA                             
-||--|-|-|--|-|----|-||------------------------------------
CTTAACCGTGTCCAAGACCACAACCCCGAA                             ",30,30,30
CAAACGACCCTTGCTGATCTATTATTAAAA,33.33333333333333,3722,GAAGCCCCAACACCAGAACCTGTGCCAATT,53.333333333333336,3787,95,33.33333333333333,"        GAAGCCCCAACACCAGAACCTGTGCCAATT                     
--------|-|-|--|-|-|--|-||--|------------------------------
CAAACGACCCTTGCTGATCTATTATTAAAA                             ",30,30,30
CAAACGACCCTTGCTGATCTATTATTAAAA,33.33333333333333,3722,TGAAGCCCCAACACCAGAACCTGTGCCAAT,53.333333333333336,3788,96,33.33333333333333,"       TGAAGCCCCAACACCAGAACCTGTGCCAAT                      
--------|-|-|--|-|-|--|-||--|------------------------------
CAAACGACCCTTGCTGATCTATTATTAAAA                             ",30,30,30
CAAACGACCCTTGCTGATCTATTATTAAAA,33.33333333333333,3722,TTGAAGCCCCAACACCAGAACCTGTGCCAA,53.333333333333336,3789,97,36.666666666666664,"      TTGAAGCCCCAACACCAGAACCTGTGCCAA                       
------|-|-|-|--|-|-|--|-||--|------------------------------
CAAACGACCCTTGCTGATCTATTATTAAAA                             ",30,30,30
CAAACGACCCTTGCTGATCTATTATTAAAA,33.33333333333333,3722,CTTGAAGCCCCAACACCAGAACCTGTGCCA,56.666666666666664,3790,98,40.0,"     CTTGAAGCCCCAACACCAGAACCTGTGCCA                        
-----||-|-|-|--|-|-|--|-||--|------------------------------
CAAACGACCCTTGCTGATCTATTATTAAAA                             ",30,30,30
CAAACGACCCTTGCTGATCTATTATTAAAA,33.33333333333333,3722,ACTTGAAGCCCCAACACCAGAACCTGTGCC,56.666666666666664,3791,99,40.0,"    ACTTGAAGCCCCAACACCAGAACCTGTGCC                         
-----||-|-|-|--|-|-|--|-||--|------------------------------
CAAACGACCCTTGCTGATCTATTATTAAAA                             ",30,30,30
CAAACGACCCTTGCTGATCTATTATTAAAA,33.33333333333333,3722,AATTGGTTTTATACTTGAAGCCCCAACACC,40.0,3803,111,40.0,"     CCACAACCCCGAAGTTCATATTTTGGTTAA                        
-----|----|-|----||-|-|||-|||------------------------------
CAAACGACCCTTGCTGATCTATTATTAAAA                             ",30,30,30
CAAACGACCCTTGCTGATCTATTATTAAAA,33.33333333333333,3722,GGAATTGGTTTTATACTTGAAGCCCCAACA,40.0,3805,113,36.666666666666664,"       ACAACCCCGAAGTTCATATTTTGGTTAAGG                      
----------|-|----||-|-|||-|||------------------------------
CAAACGACCCTTGCTGATCTATTATTAAAA                             ",30,30,30
CAAACGACCCTTGCTGATCTATTATTAAAA,33.33333333333333,3722,AGGAATTGGTTTTATACTTGAAGCCCCAAC,40.0,3806,114,36.666666666666664,"        CAACCCCGAAGTTCATATTTTGGTTAAGGA                     
----------|-|----||-|-|||-|||------------------------------
CAAACGACCCTTGCTGATCTATTATTAAAA                             ",30,30,30
CAAACGACCCTTGCTGATCTATTATTAAAA,33.33333333333333,3722,CAGGAATTGGTTTTATACTTGAAGCCCCAA,40.0,3807,115,36.666666666666664,"         AACCCCGAAGTTCATATTTTGGTTAAGGAC                    
----------|-|----||-|-|||-|||------------------------------
CAAACGACCCTTGCTGATCTATTATTAAAA                             ",30,30,30
CAAACGACCCTTGCTGATCTATTATTAAAA,33.33333333333333,3722,TCAGGAATTGGTTTTATACTTGAAGCCCCA,40.0,3808,116,36.666666666666664,"          ACCCCGAAGTTCATATTTTGGTTAAGGACT                   
----------|-|----||-|-|||-|||------------------------------
CAAACGACCCTTGCTGATCTATTATTAAAA                             ",30,30,30
CAAACGACCCTTGCTGATCTATTATTAAAA,33.33333333333333,3722,GCACCTTCCGGTATAGGAAGTGCTTCAGGA,53.333333333333336,3832,140,30.0,"   CAAACGACCCTTGCTGATCTATTATTAAAA                          
-----||-|-|---|-||---|-|-----------------------------------
GCACCTTCCGGTATAGGAAGTGCTTCAGGA                             ",30,30,30
CAAACGACCCTTGCTGATCTATTATTAAAA,33.33333333333333,3722,TGCACCTTCCGGTATAGGAAGTGCTTCAGG,53.333333333333336,3833,141,33.33333333333333,"CAAACGACCCTTGCTGATCTATTATTAAAA                             
|------|-|||-||---|----|-----|-----------------------------
GGACTTCGTGAAGGATATGGCCTTCCACGT                             ",30,30,30
CAAACGACCCTTGCTGATCTATTATTAAAA,33.33333333333333,3722,TTGGTGCACCTTCCGGTATAGGAAGTGCTT,50.0,3837,145,40.0,"  TTGGTGCACCTTCCGGTATAGGAAGTGCTT                           
--|||-||-------|---|||--||-|-------------------------------
CAAACGACCCTTGCTGATCTATTATTAAAA                             ",30,30,30
CAAACGACCCTTGCTGATCTATTATTAAAA,33.33333333333333,3722,GTTGGTGCACCTTCCGGTATAGGAAGTGCT,53.333333333333336,3838,146,40.0," GTTGGTGCACCTTCCGGTATAGGAAGTGCT                            
--|||-||-------|---|||--||-|-------------------------------
CAAACGACCCTTGCTGATCTATTATTAAAA                             ",30,30,30
CAAACGACCCTTGCTGATCTATTATTAAAA,33.33333333333333,3722,TGTTGGTGCACCTTCCGGTATAGGAAGTGC,53.333333333333336,3839,147,40.0,"TGTTGGTGCACCTTCCGGTATAGGAAGTGC                             
--|||-||-------|---|||--||-|-------------------------------
CAAACGACCCTTGCTGATCTATTATTAAAA                             ",30,30,30
CAAACGACCCTTGCTGATCTATTATTAAAA,33.33333333333333,3722,TTGTTGGTGCACCTTCCGGTATAGGAAGTG,50.0,3840,148,40.0," CAAACGACCCTTGCTGATCTATTATTAAAA                            
---|||-||-------|---|||--||-|------------------------------
TTGTTGGTGCACCTTCCGGTATAGGAAGTG                             ",30,30,30
CAAACGACCCTTGCTGATCTATTATTAAAA,33.33333333333333,3722,TTTGTTGGTGCACCTTCCGGTATAGGAAGT,46.666666666666664,3841,149,40.0,"  CAAACGACCCTTGCTGATCTATTATTAAAA                           
----|||-||-------|---|||--||-|-----------------------------
TTTGTTGGTGCACCTTCCGGTATAGGAAGT                             ",30,30,30
CAAACGACCCTTGCTGATCTATTATTAAAA,33.33333333333333,3722,ATTTGTTGGTGCACCTTCCGGTATAGGAAG,46.666666666666664,3842,150,40.0,"CAAACGACCCTTGCTGATCTATTATTAAAA                             
|---|-|--|--|--|-|--|--|--|||------------------------------
GAAGGATATGGCCTTCCACGTGGTTGTTTA                             ",30,30,30
CAAACGACCCTTGCTGATCTATTATTAAAA,33.33333333333333,3722,CATTTGTTGGTGCACCTTCCGGTATAGGAA,46.666666666666664,3843,151,36.666666666666664," CAAACGACCCTTGCTGATCTATTATTAAAA                            
--||||-|||-------|-----|||---------------------------------
CATTTGTTGGTGCACCTTCCGGTATAGGAA                             ",30,30,30
CAAACGACCCTTGCTGATCTATTATTAAAA,33.33333333333333,3722,TCATTTGTTGGTGCACCTTCCGGTATAGGA,46.666666666666664,3844,152,36.666666666666664,"  CAAACGACCCTTGCTGATCTATTATTAAAA                           
---||||-|||-------|-----|||--------------------------------
TCATTTGTTGGTGCACCTTCCGGTATAGGA                             ",30,30,30
CAAACGACCCTTGCTGATCTATTATTAAAA,33.33333333333333,3722,TATTTCATTTGTTGGTGCACCTTCCGGTAT,40.0,3848,156,33.33333333333333," CAAACGACCCTTGCTGATCTATTATTAAAA                            
--|||--|--|---|---|--|-----|-|-----------------------------
TATTTCATTTGTTGGTGCACCTTCCGGTAT                             ",30,30,30
CAAACGACCCTTGCTGATCTATTATTAAAA,33.33333333333333,3722,GTATTTCATTTGTTGGTGCACCTTCCGGTA,43.333333333333336,3849,157,33.33333333333333,"CAAACGACCCTTGCTGATCTATTATTAAAA                             
-|---||---|-----|-|-|-|---|-|------------------------------
ATGGCCTTCCACGTGGTTGTTTACTTTATG                             ",30,30,30
CAAACGACCCTTGCTGATCTATTATTAAAA,33.33333333333333,3722,GGTATTTCATTTGTTGGTGCACCTTCCGGT,46.666666666666664,3850,158,33.33333333333333,"    CAAACGACCCTTGCTGATCTATTATTAAAA                         
-----||----|-|---|--||--|-||-------------------------------
TGGCCTTCCACGTGGTTGTTTACTTTATGG                             ",30,30,30
CAAACGACCCTTGCTGATCTATTATTAAAA,33.33333333333333,3722,TGGTATTTCATTTGTTGGTGCACCTTCCGG,46.666666666666664,3851,159,36.666666666666664,"   CAAACGACCCTTGCTGATCTATTATTAAAA                          
----||----|-|---|--||--|-||--|-----------------------------
GGCCTTCCACGTGGTTGTTTACTTTATGGT                             ",30,30,30
CAAACGACCCTTGCTGATCTATTATTAAAA,33.33333333333333,3722,ATGGTATTTCATTTGTTGGTGCACCTTCCG,43.333333333333336,3852,160,36.666666666666664,"  CAAACGACCCTTGCTGATCTATTATTAAAA                           
---||----|-|---|--||--|-||--|------------------------------
GCCTTCCACGTGGTTGTTTACTTTATGGTA                             ",30,30,30
CAAACGACCCTTGCTGATCTATTATTAAAA,33.33333333333333,3722,AATGGTATTTCATTTGTTGGTGCACCTTCC,40.0,3853,161,36.666666666666664," CAAACGACCCTTGCTGATCTATTATTAAAA                            
--||----|-|---|--||--|-||--|-------------------------------
CCTTCCACGTGGTTGTTTACTTTATGGTAA                             ",30,30,30
CAAACGACCCTTGCTGATCTATTATTAAAA,33.33333333333333,3722,TAATGGTATTTCATTTGTTGGTGCACCTTC,36.666666666666664,3854,162,40.0,"CAAACGACCCTTGCTGATCTATTATTAAAA                             
-||----|-|---|--||--|-||--|--|-----------------------------
CTTCCACGTGGTTGTTTACTTTATGGTAAT                             ",30,30,30
CAAACGACCCTTGCTGATCTATTATTAAAA,33.33333333333333,3722,CTAATGGTATTTCATTTGTTGGTGCACCTT,36.666666666666664,3855,163,40.0," TTCCACGTGGTTGTTTACTTTATGGTAATC                            
-||----|-|---|--||--|-||--|--|-----------------------------
CAAACGACCCTTGCTGATCTATTATTAAAA                             ",30,30,30
CAAACGACCCTTGCTGATCTATTATTAAAA,33.33333333333333,3722,TCTAATGGTATTTCATTTGTTGGTGCACCT,36.666666666666664,3856,164,40.0," CAAACGACCCTTGCTGATCTATTATTAAAA                            
-----|--|------|||--||--||||-|-----------------------------
TCCACGTGGTTGTTTACTTTATGGTAATCT                             ",30,30,30
CAAACGACCCTTGCTGATCTATTATTAAAA,33.33333333333333,3722,CTTGTAACTGATGGTAATTCTTCTAATGGT,33.33333333333333,3877,185,40.0,"     CTTGTAACTGATGGTAATTCTTCTAATGGT                        
-----||-|-|||---|-|--|-|--|-|------------------------------
CAAACGACCCTTGCTGATCTATTATTAAAA                             ",30,30,30
CAAACGACCCTTGCTGATCTATTATTAAAA,33.33333333333333,3722,CCTTGTAACTGATGGTAATTCTTCTAATGG,36.666666666666664,3878,186,40.0,"    CCTTGTAACTGATGGTAATTCTTCTAATGG                         
-----||-|-|||---|-|--|-|--|-|------------------------------
CAAACGACCCTTGCTGATCTATTATTAAAA                             ",30,30,30
CAAACGACCCTTGCTGATCTATTATTAAAA,33.33333333333333,3722,GCCTTGTAACTGATGGTAATTCTTCTAATG,36.666666666666664,3879,187,40.0,"   GCCTTGTAACTGATGGTAATTCTTCTAATG                          
-----||-|-|||---|-|--|-|--|-|------------------------------
CAAACGACCCTTGCTGATCTATTATTAAAA                             ",30,30,30
CAAACGACCCTTGCTGATCTATTATTAAAA,33.33333333333333,3722,GGCCTTGTAACTGATGGTAATTCTTCTAAT,36.666666666666664,3880,188,40.0,"  GGCCTTGTAACTGATGGTAATTCTTCTAAT                           
-----||-|-|||---|-|--|-|--|-|------------------------------
CAAACGACCCTTGCTGATCTATTATTAAAA                             ",30,30,30
CAAACGACCCTTGCTGATCTATTATTAAAA,33.33333333333333,3722,GGGCCTTGTAACTGATGGTAATTCTTCTAA,40.0,3881,189,40.0," GGGCCTTGTAACTGATGGTAATTCTTCTAA                            
-----||-|-|||---|-|--|-|--|-|------------------------------
CAAACGACCCTTGCTGATCTATTATTAAAA                             ",30,30,30
CAAACGACCCTTGCTGATCTATTATTAAAA,33.33333333333333,3722,GCTGGGCCTTGTAACTGATGGTAATTCTTC,46.666666666666664,3884,192,40.0," CAAACGACCCTTGCTGATCTATTATTAAAA                            
--|--||---|-|------|-||||--||------------------------------
GCTGGGCCTTGTAACTGATGGTAATTCTTC                             ",30,30,30
CAAACGACCCTTGCTGATCTATTATTAAAA,33.33333333333333,3722,TGCTGGGCCTTGTAACTGATGGTAATTCTT,43.333333333333336,3885,193,40.0," TGCTGGGCCTTGTAACTGATGGTAATTCTT                            
-|-----|------|---|||--|||||-|-----------------------------
CAAACGACCCTTGCTGATCTATTATTAAAA                             ",30,30,30
CAAACGACCCTTGCTGATCTATTATTAAAA,33.33333333333333,3722,CTGCTGGGCCTTGTAACTGATGGTAATTCT,46.666666666666664,3886,194,40.0,"CTGCTGGGCCTTGTAACTGATGGTAATTCT                             
-|-----|------|---|||--|||||-|-----------------------------
CAAACGACCCTTGCTGATCTATTATTAAAA                             ",30,30,30
CAAACGACCCTTGCTGATCTATTATTAAAA,33.33333333333333,3722,TCTGCTGGGCCTTGTAACTGATGGTAATTC,46.666666666666664,3887,195,40.0," TCTGCTGGGCCTTGTAACTGATGGTAATTC                            
-|-|||||||-------|---|------||-----------------------------
CAAACGACCCTTGCTGATCTATTATTAAAA                             ",30,30,30
CAAACGACCCTTGCTGATCTATTATTAAAA,33.33333333333333,3722,GGTCTGCTGGGCCTTGTAACTGATGGTAAT,50.0,3889,197,40.0,"GGTCTGCTGGGCCTTGTAACTGATGGTAAT                             
|-|-----||--|---||--|-||--|--|-----------------------------
CAAACGACCCTTGCTGATCTATTATTAAAA                             ",30,30,30
CAAACGACCCTTGCTGATCTATTATTAAAA,33.33333333333333,3722,TGGTCTGCTGGGCCTTGTAACTGATGGTAA,50.0,3890,198,40.0,"  TGGTCTGCTGGGCCTTGTAACTGATGGTAA                           
--|-|---|----|-||-|--|-|-||--|-----------------------------
CAAACGACCCTTGCTGATCTATTATTAAAA                             ",30,30,30
CAAACGACCCTTGCTGATCTATTATTAAAA,33.33333333333333,3722,GCTTGGTCTGCTGGGCCTTGTAACTGATGG,56.666666666666664,3893,201,40.0,"GCTTGGTCTGCTGGGCCTTGTAACTGATGG                             
|-|||-|--|---|-|----|||----|-------------------------------
CAAACGACCCTTGCTGATCTATTATTAAAA                             ",30,30,30
CAAACGACCCTTGCTGATCTATTATTAAAA,33.33333333333333,3722,TGCTTGGTCTGCTGGGCCTTGTAACTGATG,53.333333333333336,3894,202,40.0," CAAACGACCCTTGCTGATCTATTATTAAAA                            
-|-|||-|--|---|-|----|||----|------------------------------
TGCTTGGTCTGCTGGGCCTTGTAACTGATG                             ",30,30,30
CAAACGACCCTTGCTGATCTATTATTAAAA,33.33333333333333,3722,CTGCTTGGTCTGCTGGGCCTTGTAACTGAT,53.333333333333336,3895,203,40.0,"  CAAACGACCCTTGCTGATCTATTATTAAAA                           
--|-|||-|--|---|-|----|||----|-----------------------------
CTGCTTGGTCTGCTGGGCCTTGTAACTGAT                             ",30,30,30
CAAACGACCCTTGCTGATCTATTATTAAAA,33.33333333333333,3722,TCTGCTTGGTCTGCTGGGCCTTGTAACTGA,53.333333333333336,3896,204,36.666666666666664," TCTGCTTGGTCTGCTGGGCCTTGTAACTGA                            
-|-||||-||---|----|------|--|------------------------------
CAAACGACCCTTGCTGATCTATTATTAAAA                             ",30,30,30
CAAACGACCCTTGCTGATCTATTATTAAAA,33.33333333333333,3722,GTCTGCTTGGTCTGCTGGGCCTTGTAACTG,56.666666666666664,3897,205,40.0,"GTCTGCTTGGTCTGCTGGGCCTTGTAACTG                             
||-||||-||---|----|------|--|------------------------------
CAAACGACCCTTGCTGATCTATTATTAAAA                             ",30,30,30
CAAACGACCCTTGCTGATCTATTATTAAAA,33.33333333333333,3722,GGTCTGCTTGGTCTGCTGGGCCTTGTAACT,56.666666666666664,3898,206,40.0," CAAACGACCCTTGCTGATCTATTATTAAAA                            
-||-||||-||---|----|------|--|-----------------------------
GGTCTGCTTGGTCTGCTGGGCCTTGTAACT                             ",30,30,30
CAAACGACCCTTGCTGATCTATTATTAAAA,33.33333333333333,3722,AGGTCTGCTTGGTCTGCTGGGCCTTGTAAC,56.666666666666664,3899,207,36.666666666666664,"  CAAACGACCCTTGCTGATCTATTATTAAAA                           
--||-||||-||---|----|------|-------------------------------
AGGTCTGCTTGGTCTGCTGGGCCTTGTAAC                             ",30,30,30
CAAACGACCCTTGCTGATCTATTATTAAAA,33.33333333333333,3722,TAGGTCTGCTTGGTCTGCTGGGCCTTGTAA,53.333333333333336,3900,208,40.0,"         CAAACGACCCTTGCTGATCTATTATTAAAA                    
---------|-|-|---||--||-||-|||-----------------------------
AATGTTCCGGGTCGTCTGGTTCGTCTGGAT                             ",30,30,30
CAAACGACCCTTGCTGATCTATTATTAAAA,33.33333333333333,3722,GTAGGTCTGCTTGGTCTGCTGGGCCTTGTA,56.666666666666664,3901,209,40.0,"        CAAACGACCCTTGCTGATCTATTATTAAAA                     
--------|-|-|---||--||-||-|||------------------------------
ATGTTCCGGGTCGTCTGGTTCGTCTGGATG                             ",30,30,30
CAAACGACCCTTGCTGATCTATTATTAAAA,33.33333333333333,3722,GGTAGGTCTGCTTGGTCTGCTGGGCCTTGT,60.0,3902,210,40.0,"       CAAACGACCCTTGCTGATCTATTATTAAAA                      
-------|-|-|---||--||-||-|||-------------------------------
TGTTCCGGGTCGTCTGGTTCGTCTGGATGG                             ",30,30,30
CAAACGACCCTTGCTGATCTATTATTAAAA,33.33333333333333,3722,CCAAATGTGGTAGGTCTGCTTGGTCTGCTG,53.333333333333336,3910,218,40.0," GTCGTCTGGTTCGTCTGGATGGTGTAAACC                            
--|-|---||--||-||-|||--|-----------------------------------
CAAACGACCCTTGCTGATCTATTATTAAAA                             ",30,30,30
CAAACGACCCTTGCTGATCTATTATTAAAA,33.33333333333333,3722,GATCTATACGTGTACCAAATGTGGTAGGTC,43.333333333333336,3924,232,40.0,"  CAAACGACCCTTGCTGATCTATTATTAAAA                           
--|--||-||--|||-|---|---||---------------------------------
CTGGATGGTGTAAACCATGTGCATATCTAG                             ",30,30,30
CAAACGACCCTTGCTGATCTATTATTAAAA,33.33333333333333,3722,GGATCTATACGTGTACCAAATGTGGTAGGT,43.333333333333336,3925,233,40.0," CAAACGACCCTTGCTGATCTATTATTAAAA                            
-|--||-||--|||-|---|---||----------------------------------
TGGATGGTGTAAACCATGTGCATATCTAGG                             ",30,30,30
CAAACGACCCTTGCTGATCTATTATTAAAA,33.33333333333333,3722,AGGATCTATACGTGTACCAAATGTGGTAGG,43.333333333333336,3926,234,40.0,"CAAACGACCCTTGCTGATCTATTATTAAAA                             
|--||-||--|||-|---|---||-----------------------------------
GGATGGTGTAAACCATGTGCATATCTAGGA                             ",30,30,30
CAAACGACCCTTGCTGATCTATTATTAAAA,33.33333333333333,3722,TAGGATCTATACGTGTACCAAATGTGGTAG,40.0,3927,235,40.0," TAGGATCTATACGTGTACCAAATGTGGTAG                            
-|--|-|----|||--||---|||----|------------------------------
CAAACGACCCTTGCTGATCTATTATTAAAA                             ",30,30,30
CAAACGACCCTTGCTGATCTATTATTAAAA,33.33333333333333,3722,ATAGGATCTATACGTGTACCAAATGTGGTA,36.666666666666664,3928,236,40.0,"ATAGGATCTATACGTGTACCAAATGTGGTA                             
-|--|-|----|||--||---|||----|------------------------------
CAAACGACCCTTGCTGATCTATTATTAAAA                             ",30,30,30
CAAACGACCCTTGCTGATCTATTATTAAAA,33.33333333333333,3722,AATAGGATCTATACGTGTACCAAATGTGGT,36.666666666666664,3929,237,40.0," CAAACGACCCTTGCTGATCTATTATTAAAA                            
--|--|-|----|||--||---|||----|-----------------------------
AATAGGATCTATACGTGTACCAAATGTGGT                             ",30,30,30
CAAACGACCCTTGCTGATCTATTATTAAAA,33.33333333333333,3722,TAATAGGATCTATACGTGTACCAAATGTGG,36.666666666666664,3930,238,40.0,"   CAAACGACCCTTGCTGATCTATTATTAAAA                          
---||---|---|--|---|--|--|||||-----------------------------
GGTGTAAACCATGTGCATATCTAGGATAAT                             ",30,30,30
CAAACGACCCTTGCTGATCTATTATTAAAA,33.33333333333333,3722,CTAATAGGATCTATACGTGTACCAAATGTG,36.666666666666664,3931,239,40.0,"  CAAACGACCCTTGCTGATCTATTATTAAAA                           
--||---|---|--|---|--|--|||||------------------------------
GTGTAAACCATGTGCATATCTAGGATAATC                             ",30,30,30
CAAACGACCCTTGCTGATCTATTATTAAAA,33.33333333333333,3722,GCTAATAGGATCTATACGTGTACCAAATGT,36.666666666666664,3932,240,40.0," CAAACGACCCTTGCTGATCTATTATTAAAA                            
-||---|---|--|---|--|--|||||-------------------------------
TGTAAACCATGTGCATATCTAGGATAATCG                             ",30,30,30
CAAACGACCCTTGCTGATCTATTATTAAAA,33.33333333333333,3722,AGCTAATAGGATCTATACGTGTACCAAATG,36.666666666666664,3933,241,40.0,"CAAACGACCCTTGCTGATCTATTATTAAAA                             
||---|---|--|---|--|--|||||--------------------------------
GTAAACCATGTGCATATCTAGGATAATCGA                             ",30,30,30
CAAACGACCCTTGCTGATCTATTATTAAAA,33.33333333333333,3722,GAGCTAATAGGATCTATACGTGTACCAAAT,36.666666666666664,3934,242,36.666666666666664," CAAACGACCCTTGCTGATCTATTATTAAAA                            
----|--|-|||-|-|---|---|--|--|-----------------------------
GAGCTAATAGGATCTATACGTGTACCAAAT                             ",30,30,30
CAAACGACCCTTGCTGATCTATTATTAAAA,33.33333333333333,3722,AGAGCTAATAGGATCTATACGTGTACCAAA,36.666666666666664,3935,243,33.33333333333333,"        AGAGCTAATAGGATCTATACGTGTACCAAA                     
---------||-|-|-|||----||----|-----------------------------
CAAACGACCCTTGCTGATCTATTATTAAAA                             ",30,30,30
CAAACGACCCTTGCTGATCTATTATTAAAA,33.33333333333333,3722,CAGAGCTAATAGGATCTATACGTGTACCAA,40.0,3936,244,33.33333333333333,"       CAGAGCTAATAGGATCTATACGTGTACCAA                      
---------||-|-|-|||----||----|-----------------------------
CAAACGACCCTTGCTGATCTATTATTAAAA                             ",30,30,30
CAAACGACCCTTGCTGATCTATTATTAAAA,33.33333333333333,3722,GCAGAGCTAATAGGATCTATACGTGTACCA,43.333333333333336,3937,245,33.33333333333333,"      GCAGAGCTAATAGGATCTATACGTGTACCA                       
---------||-|-|-|||----||----|-----------------------------
CAAACGACCCTTGCTGATCTATTATTAAAA                             ",30,30,30
CAAACGACCCTTGCTGATCTATTATTAAAA,33.33333333333333,3722,TGCAGAGCTAATAGGATCTATACGTGTACC,43.333333333333336,3938,246,33.33333333333333,"   TGCAGAGCTAATAGGATCTATACGTGTACC                          
---|||-|-|------------|||--|-|-----------------------------
CAAACGACCCTTGCTGATCTATTATTAAAA                             ",30,30,30
CAAACGACCCTTGCTGATCTATTATTAAAA,33.33333333333333,3722,TTGCAGAGCTAATAGGATCTATACGTGTAC,40.0,3939,247,36.666666666666664,"  TTGCAGAGCTAATAGGATCTATACGTGTAC                           
--||||-|-|------------|||--|-|-----------------------------
CAAACGACCCTTGCTGATCTATTATTAAAA                             ",30,30,30
CAAACGACCCTTGCTGATCTATTATTAAAA,33.33333333333333,3722,GTTGCAGAGCTAATAGGATCTATACGTGTA,40.0,3940,248,36.666666666666664,"GTTGCAGAGCTAATAGGATCTATACGTGTA                             
|||-----|--|--|--|--||----|-|------------------------------
CAAACGACCCTTGCTGATCTATTATTAAAA                             ",30,30,30
CAAACGACCCTTGCTGATCTATTATTAAAA,33.33333333333333,3722,TGTTGCAGAGCTAATAGGATCTATACGTGT,40.0,3941,249,36.666666666666664,"TGTTGCAGAGCTAATAGGATCTATACGTGT                             
--||||-|-|------------|||--|-|-----------------------------
CAAACGACCCTTGCTGATCTATTATTAAAA                             ",30,30,30
CAAACGACCCTTGCTGATCTATTATTAAAA,33.33333333333333,3722,TTGTTGCAGAGCTAATAGGATCTATACGTG,40.0,3942,250,40.0," TTGTTGCAGAGCTAATAGGATCTATACGTG                            
-||------||-|-|-|||----||----|-----------------------------
CAAACGACCCTTGCTGATCTATTATTAAAA                             ",30,30,30
CAAACGACCCTTGCTGATCTATTATTAAAA,33.33333333333333,3722,GACGATTTGTTGCAGAGCTAATAGGATCTA,40.0,3948,256,40.0,"   ATCTAGGATAATCGAGACGTTGTTTAGCAG                          
-----||-|||----|-|||---|--||-------------------------------
CAAACGACCCTTGCTGATCTATTATTAAAA                             ",30,30,30
CAAACGACCCTTGCTGATCTATTATTAAAA,33.33333333333333,3722,GGACGATTTGTTGCAGAGCTAATAGGATCT,43.333333333333336,3949,257,40.0,"    TCTAGGATAATCGAGACGTTGTTTAGCAGG                         
-----||-|||----|-|||---|--||-------------------------------
CAAACGACCCTTGCTGATCTATTATTAAAA                             ",30,30,30
CAAACGACCCTTGCTGATCTATTATTAAAA,33.33333333333333,3722,GGGGACGATTTGTTGCAGAGCTAATAGGAT,46.666666666666664,3951,259,40.0,"       GGGGACGATTTGTTGCAGAGCTAATAGGAT                      
-------|||-||||-|-|-|----|--|------------------------------
CAAACGACCCTTGCTGATCTATTATTAAAA                             ",30,30,30
CAAACGACCCTTGCTGATCTATTATTAAAA,33.33333333333333,3722,CGGGGACGATTTGTTGCAGAGCTAATAGGA,50.0,3952,260,40.0,"      CGGGGACGATTTGTTGCAGAGCTAATAGGA                       
-------|||-||||-|-|-|----|--|------------------------------
CAAACGACCCTTGCTGATCTATTATTAAAA                             ",30,30,30
CAAACGACCCTTGCTGATCTATTATTAAAA,33.33333333333333,3722,CCGTGGATTTACTGGCCGGGGACGATTTGT,56.666666666666664,3968,276,40.0,"          CAAACGACCCTTGCTGATCTATTATTAAAA                   
------------|-||-|||-||||-|-|------------------------------
CCGTGGATTTACTGGCCGGGGACGATTTGT                             ",30,30,30
CAAACGACCCTTGCTGATCTATTATTAAAA,33.33333333333333,3722,CCCGTGGATTTACTGGCCGGGGACGATTTG,60.0,3969,277,40.0,"           CAAACGACCCTTGCTGATCTATTATTAAAA                  
-------------|-||-|||-||||-|-|-----------------------------
CCCGTGGATTTACTGGCCGGGGACGATTTG                             ",30,30,30
CAAACGACCCTTGCTGATCTATTATTAAAA,33.33333333333333,3722,AATAGCTGGACCCCGTGGATTTACTGGCCG,56.666666666666664,3980,288,40.0,"    CAAACGACCCTTGCTGATCTATTATTAAAA                         
----||----|-||--|--|--|---||||-----------------------------
GCCGGTCATTTAGGTGCCCCAGGTCGATAA                             ",30,30,30
CAAACGACCCTTGCTGATCTATTATTAAAA,33.33333333333333,3722,AGAGGTACAATAGCTGGACCCCGTGGATTT,50.0,3988,296,40.0," TTTAGGTGCCCCAGGTCGATAACATGGAGA                            
-|||----|---|---|-|||||-|----------------------------------
CAAACGACCCTTGCTGATCTATTATTAAAA                             ",30,30,30
CAAACGACCCTTGCTGATCTATTATTAAAA,33.33333333333333,3722,TTCACTAAGAGGTACAATAGCTGGACCCCG,50.0,3995,303,36.666666666666664," TTCACTAAGAGGTACAATAGCTGGACCCCG                            
-||--||--||---||-|-|-----|---------------------------------
CAAACGACCCTTGCTGATCTATTATTAAAA                             ",30,30,30
CAAACGACCCTTGCTGATCTATTATTAAAA,33.33333333333333,3722,CTTCACTAAGAGGTACAATAGCTGGACCCC,50.0,3996,304,36.666666666666664,"CTTCACTAAGAGGTACAATAGCTGGACCCC                             
-||--||--||---||-|-|-----|---------------------------------
CAAACGACCCTTGCTGATCTATTATTAAAA                             ",30,30,30
CAAACGACCCTTGCTGATCTATTATTAAAA,33.33333333333333,3722,TCTTCACTAAGAGGTACAATAGCTGGACCC,46.666666666666664,3997,305,36.666666666666664," CAAACGACCCTTGCTGATCTATTATTAAAA                            
--||--||--||---||-|-|-----|--------------------------------
TCTTCACTAAGAGGTACAATAGCTGGACCC                             ",30,30,30
CAAACGACCCTTGCTGATCTATTATTAAAA,33.33333333333333,3722,ATCTTCACTAAGAGGTACAATAGCTGGACC,43.333333333333336,3998,306,36.666666666666664,"  CAAACGACCCTTGCTGATCTATTATTAAAA                           
---||--||--||---||-|-|-----|-------------------------------
ATCTTCACTAAGAGGTACAATAGCTGGACC                             ",30,30,30
CAAACGACCCTTGCTGATCTATTATTAAAA,33.33333333333333,3722,CATCTTCACTAAGAGGTACAATAGCTGGAC,43.333333333333336,3999,307,36.666666666666664,"   CAAACGACCCTTGCTGATCTATTATTAAAA                          
----||--||--||---||-|-|-----|------------------------------
CATCTTCACTAAGAGGTACAATAGCTGGAC                             ",30,30,30
CAAACGACCCTTGCTGATCTATTATTAAAA,33.33333333333333,3722,GCAGGTTCTGGTAGTCCATCTTCACTAAGA,46.666666666666664,4015,323,36.666666666666664,"  CAAACGACCCTTGCTGATCTATTATTAAAA                           
-----|-||||-|-----|----|-|||-------------------------------
GCAGGTTCTGGTAGTCCATCTTCACTAAGA                             ",30,30,30
CAAACGACCCTTGCTGATCTATTATTAAAA,33.33333333333333,3722,TGCAGGTTCTGGTAGTCCATCTTCACTAAG,46.666666666666664,4016,324,36.666666666666664,"   CAAACGACCCTTGCTGATCTATTATTAAAA                          
------|-||||-|-----|----|-|||------------------------------
TGCAGGTTCTGGTAGTCCATCTTCACTAAG                             ",30,30,30
CAAACGACCCTTGCTGATCTATTATTAAAA,33.33333333333333,3722,TTGCAGGTTCTGGTAGTCCATCTTCACTAA,43.333333333333336,4017,325,36.666666666666664,"    CAAACGACCCTTGCTGATCTATTATTAAAA                         
-------|-||||-|-----|----|-|||-----------------------------
TTGCAGGTTCTGGTAGTCCATCTTCACTAA                             ",30,30,30
CAAACGACCCTTGCTGATCTATTATTAAAA,33.33333333333333,3722,ATTGCAGGTTCTGGTAGTCCATCTTCACTA,43.333333333333336,4018,326,36.666666666666664,"        ATCACTTCTACCTGATGGTCTTGGACGTTA                     
-----------||--|||--|-||--|-||-----------------------------
CAAACGACCCTTGCTGATCTATTATTAAAA                             ",30,30,30
CAAACGACCCTTGCTGATCTATTATTAAAA,33.33333333333333,3722,TATTGCAGGTTCTGGTAGTCCATCTTCACT,43.333333333333336,4019,327,36.666666666666664," TATTGCAGGTTCTGGTAGTCCATCTTCACT                            
-|-|----||--|---|||---||--|--------------------------------
CAAACGACCCTTGCTGATCTATTATTAAAA                             ",30,30,30
CAAACGACCCTTGCTGATCTATTATTAAAA,33.33333333333333,3722,TTATTGCAGGTTCTGGTAGTCCATCTTCAC,43.333333333333336,4020,328,40.0,"  CAAACGACCCTTGCTGATCTATTATTAAAA                           
---||------||--|-||-|----|-|||-----------------------------
CACTTCTACCTGATGGTCTTGGACGTTATT                             ",30,30,30
CAAACGACCCTTGCTGATCTATTATTAAAA,33.33333333333333,3722,ATTATTGCAGGTTCTGGTAGTCCATCTTCA,40.0,4021,329,40.0," CAAACGACCCTTGCTGATCTATTATTAAAA                            
--||------||--|-||-|----|-|||------------------------------
ACTTCTACCTGATGGTCTTGGACGTTATTA                             ",30,30,30
CAAACGACCCTTGCTGATCTATTATTAAAA,33.33333333333333,3722,AATTATTGCAGGTTCTGGTAGTCCATCTTC,40.0,4022,330,40.0,"CAAACGACCCTTGCTGATCTATTATTAAAA                             
-||------||--|-||-|----|-|||-------------------------------
CTTCTACCTGATGGTCTTGGACGTTATTAA                             ",30,30,30
CAAACGACCCTTGCTGATCTATTATTAAAA,33.33333333333333,3722,CAATTATTGCAGGTTCTGGTAGTCCATCTT,40.0,4023,331,40.0," TTCTACCTGATGGTCTTGGACGTTATTAAC                            
-||------||--|-||-|----|-|||-------------------------------
CAAACGACCCTTGCTGATCTATTATTAAAA                             ",30,30,30
CAAACGACCCTTGCTGATCTATTATTAAAA,33.33333333333333,3722,CCAATTATTGCAGGTTCTGGTAGTCCATCT,43.333333333333336,4024,332,36.666666666666664,"  TCTACCTGATGGTCTTGGACGTTATTAACC                           
--|------||--|-||-|----|-|||-------------------------------
CAAACGACCCTTGCTGATCTATTATTAAAA                             ",30,30,30
CAAACGACCCTTGCTGATCTATTATTAAAA,33.33333333333333,3722,CCCAATTATTGCAGGTTCTGGTAGTCCATC,46.666666666666664,4025,333,33.33333333333333,"     CAAACGACCCTTGCTGATCTATTATTAAAA                        
------|-|----||--|---|||---||------------------------------
CCCAATTATTGCAGGTTCTGGTAGTCCATC                             ",30,30,30
CAAACGACCCTTGCTGATCTATTATTAAAA,33.33333333333333,3722,CCCCAATTATTGCAGGTTCTGGTAGTCCAT,46.666666666666664,4026,334,33.33333333333333,"      CAAACGACCCTTGCTGATCTATTATTAAAA                       
-------|-|----||--|---|||---||-----------------------------
CCCCAATTATTGCAGGTTCTGGTAGTCCAT                             ",30,30,30
CAAACGACCCTTGCTGATCTATTATTAAAA,33.33333333333333,3722,ATACCTCATACCCATTACTTGCACCGCCCC,53.333333333333336,4053,361,30.0," ATACCTCATACCCATTACTTGCACCGCCCC                            
--|--||---|-|-|-||--|--------------------------------------
CAAACGACCCTTGCTGATCTATTATTAAAA                             ",30,30,30
CAAACGACCCTTGCTGATCTATTATTAAAA,33.33333333333333,3722,AATACCTCATACCCATTACTTGCACCGCCC,50.0,4054,362,33.33333333333333,"    CAAACGACCCTTGCTGATCTATTATTAAAA                         
--------|-|----||---||----||||-----------------------------
CCCGCCACGTTCATTACCCATACTCCATAA                             ",30,30,30
CAAACGACCCTTGCTGATCTATTATTAAAA,33.33333333333333,3722,TAATACCTCATACCCATTACTTGCACCGCC,46.666666666666664,4055,363,36.666666666666664,"   CAAACGACCCTTGCTGATCTATTATTAAAA                          
-------|-|----||---||----|||||-----------------------------
CCGCCACGTTCATTACCCATACTCCATAAT                             ",30,30,30
CAAACGACCCTTGCTGATCTATTATTAAAA,33.33333333333333,3722,TTAATACCTCATACCCATTACTTGCACCGC,43.333333333333336,4056,364,40.0,"  CAAACGACCCTTGCTGATCTATTATTAAAA                           
------|-|----||---||----||||||-----------------------------
CGCCACGTTCATTACCCATACTCCATAATT                             ",30,30,30
CAAACGACCCTTGCTGATCTATTATTAAAA,33.33333333333333,3722,GTTAATACCTCATACCCATTACTTGCACCG,43.333333333333336,4057,365,40.0," CAAACGACCCTTGCTGATCTATTATTAAAA                            
-----|-|----||---||----||||||------------------------------
GCCACGTTCATTACCCATACTCCATAATTG                             ",30,30,30
CAAACGACCCTTGCTGATCTATTATTAAAA,33.33333333333333,3722,AGTTAATACCTCATACCCATTACTTGCACC,40.0,4058,366,40.0,"CAAACGACCCTTGCTGATCTATTATTAAAA                             
----|-|----||---||----||||||-------------------------------
CCACGTTCATTACCCATACTCCATAATTGA                             ",30,30,30
CAAACGACCCTTGCTGATCTATTATTAAAA,33.33333333333333,3722,TAGTTAATACCTCATACCCATTACTTGCAC,36.666666666666664,4059,367,40.0,"  TAGTTAATACCTCATACCCATTACTTGCAC                           
--|-|-|---|-|---||---|-||-||-------------------------------
CAAACGACCCTTGCTGATCTATTATTAAAA                             ",30,30,30
CAAACGACCCTTGCTGATCTATTATTAAAA,33.33333333333333,3722,CTACATTAGTTAATACCTCATACCCATTAC,33.33333333333333,4065,373,40.0,"CTACATTAGTTAATACCTCATACCCATTAC                             
-|----|-|--|--||---|||---|||-------------------------------
CAAACGACCCTTGCTGATCTATTATTAAAA                             ",30,30,30
CAAACGACCCTTGCTGATCTATTATTAAAA,33.33333333333333,3722,AGCATCTACATTAGTTAATACCTCATACCC,36.666666666666664,4070,378,33.33333333333333,"     AGCATCTACATTAGTTAATACCTCATACCC                        
--------------|-|||-|||||--|-------------------------------
CAAACGACCCTTGCTGATCTATTATTAAAA                             ",30,30,30
CAAACGACCCTTGCTGATCTATTATTAAAA,33.33333333333333,3722,AAGCATCTACATTAGTTAATACCTCATACC,33.33333333333333,4071,379,33.33333333333333,"    AAGCATCTACATTAGTTAATACCTCATACC                         
--------------|-|||-|||||--|-------------------------------
CAAACGACCCTTGCTGATCTATTATTAAAA                             ",30,30,30
CAAACGACCCTTGCTGATCTATTATTAAAA,33.33333333333333,3722,TACTGTACTTAAGTCTTCAAAAGCATCTAC,33.33333333333333,4091,399,40.0," TACTGTACTTAAGTCTTCAAAAGCATCTAC                            
-|----|----|-|-||--|-||--||-|------------------------------
CAAACGACCCTTGCTGATCTATTATTAAAA                             ",30,30,30
CAAACGACCCTTGCTGATCTATTATTAAAA,33.33333333333333,3722,GTTACTGTACTTAAGTCTTCAAAAGCATCT,33.33333333333333,4093,401,40.0," CAAACGACCCTTGCTGATCTATTATTAAAA                            
--|----|----|-|-||--|-||--||-|-----------------------------
GTTACTGTACTTAAGTCTTCAAAAGCATCT                             ",30,30,30
CAAACGACCCTTGCTGATCTATTATTAAAA,33.33333333333333,3722,AGTTACTGTACTTAAGTCTTCAAAAGCATC,33.33333333333333,4094,402,36.666666666666664,"AGTTACTGTACTTAAGTCTTCAAAAGCATC                             
--||-|||------|-|----||-|---|------------------------------
CAAACGACCCTTGCTGATCTATTATTAAAA                             ",30,30,30
CAAACGACCCTTGCTGATCTATTATTAAAA,33.33333333333333,3722,CAGTTACTGTACTTAAGTCTTCAAAAGCAT,33.33333333333333,4095,403,36.666666666666664," CAAACGACCCTTGCTGATCTATTATTAAAA                            
---||-|||------|-|----||-|---|-----------------------------
CAGTTACTGTACTTAAGTCTTCAAAAGCAT                             ",30,30,30
CAAACGACCCTTGCTGATCTATTATTAAAA,33.33333333333333,3722,CCAGTTACTGTACTTAAGTCTTCAAAAGCA,36.666666666666664,4096,404,33.33333333333333,"  CAAACGACCCTTGCTGATCTATTATTAAAA                           
----||-|||------|-|----||-|--------------------------------
CCAGTTACTGTACTTAAGTCTTCAAAAGCA                             ",30,30,30
CAAACGACCCTTGCTGATCTATTATTAAAA,33.33333333333333,3722,ACCAGTTACTGTACTTAAGTCTTCAAAAGC,36.666666666666664,4097,405,33.33333333333333,"   CAAACGACCCTTGCTGATCTATTATTAAAA                          
-----||-|||------|-|----||-|-------------------------------
ACCAGTTACTGTACTTAAGTCTTCAAAAGC                             ",30,30,30
CAAACGACCCTTGCTGATCTATTATTAAAA,33.33333333333333,3722,GACCAGTTACTGTACTTAAGTCTTCAAAAG,36.666666666666664,4098,406,33.33333333333333,"             GACCAGTTACTGTACTTAAGTCTTCAAAAG                
-------------|||-||-||-|----||-----------------------------
CAAACGACCCTTGCTGATCTATTATTAAAA                             ",30,30,30
CAAACGACCCTTGCTGATCTATTATTAAAA,33.33333333333333,3722,AGGATGACCAGTTACTGTACTTAAGTCTTC,40.0,4103,411,40.0,"        AGGATGACCAGTTACTGTACTTAAGTCTTC                     
---------|-|-|||-||-||-|----||-----------------------------
CAAACGACCCTTGCTGATCTATTATTAAAA                             ",30,30,30
CAAACGACCCTTGCTGATCTATTATTAAAA,33.33333333333333,3722,TAGGATGACCAGTTACTGTACTTAAGTCTT,36.666666666666664,4104,412,40.0,"       TAGGATGACCAGTTACTGTACTTAAGTCTT                      
---------|-|-|||-||-||-|----||-----------------------------
CAAACGACCCTTGCTGATCTATTATTAAAA                             ",30,30,30
CAAACGACCCTTGCTGATCTATTATTAAAA,33.33333333333333,3722,CTGTAGGATGACCAGTTACTGTACTTAAGT,40.0,4107,415,40.0,"    CTGTAGGATGACCAGTTACTGTACTTAAGT                         
---------|-|-|||-||-||-|----||-----------------------------
CAAACGACCCTTGCTGATCTATTATTAAAA                             ",30,30,30
CAAACGACCCTTGCTGATCTATTATTAAAA,33.33333333333333,3722,ACTGTAGGATGACCAGTTACTGTACTTAAG,40.0,4108,416,40.0,"   ACTGTAGGATGACCAGTTACTGTACTTAAG                          
---------|-|-|||-||-||-|----||-----------------------------
CAAACGACCCTTGCTGATCTATTATTAAAA                             ",30,30,30
CAAACGACCCTTGCTGATCTATTATTAAAA,33.33333333333333,3722,AACTGTAGGATGACCAGTTACTGTACTTAA,36.666666666666664,4109,417,40.0,"  AACTGTAGGATGACCAGTTACTGTACTTAA                           
---------|-|-|||-||-||-|----||-----------------------------
CAAACGACCCTTGCTGATCTATTATTAAAA                             ",30,30,30
CAAACGACCCTTGCTGATCTATTATTAAAA,33.33333333333333,3722,AAACTGTAGGATGACCAGTTACTGTACTTA,36.666666666666664,4110,418,40.0," AAACTGTAGGATGACCAGTTACTGTACTTA                            
---------|-|-|||-||-||-|----||-----------------------------
CAAACGACCCTTGCTGATCTATTATTAAAA                             ",30,30,30
CAAACGACCCTTGCTGATCTATTATTAAAA,33.33333333333333,3722,GTAAAACTGTAGGATGACCAGTTACTGTAC,40.0,4113,421,36.666666666666664,"CAAACGACCCTTGCTGATCTATTATTAAAA                             
--|--|---||-|-----|||---||--|------------------------------
CATGTCATTGACCAGTAGGATGTCAAAATG                             ",30,30,30
CAAACGACCCTTGCTGATCTATTATTAAAA,33.33333333333333,3722,TGTAAAACTGTAGGATGACCAGTTACTGTA,36.666666666666664,4114,422,40.0," CAAACGACCCTTGCTGATCTATTATTAAAA                            
---|---||---|--|--|--|-|-|||-|-----------------------------
ATGTCATTGACCAGTAGGATGTCAAAATGT                             ",30,30,30
CAAACGACCCTTGCTGATCTATTATTAAAA,33.33333333333333,3722,ATGTAAAACTGTAGGATGACCAGTTACTGT,36.666666666666664,4115,423,40.0,"CAAACGACCCTTGCTGATCTATTATTAAAA                             
--|---||---|--|--|--|-|-|||-|------------------------------
TGTCATTGACCAGTAGGATGTCAAAATGTA                             ",30,30,30
CAAACGACCCTTGCTGATCTATTATTAAAA,33.33333333333333,3722,CATGTAAAACTGTAGGATGACCAGTTACTG,40.0,4116,424,40.0," GTCATTGACCAGTAGGATGTCAAAATGTAC                            
--|---||---|--|--|--|-|-|||-|------------------------------
CAAACGACCCTTGCTGATCTATTATTAAAA                             ",30,30,30
CAAACGACCCTTGCTGATCTATTATTAAAA,33.33333333333333,3722,CCATGTAAAACTGTAGGATGACCAGTTACT,40.0,4117,425,40.0,"  TCATTGACCAGTAGGATGTCAAAATGTACC                           
--|---||---|--|--|--|-|-|||-|------------------------------
CAAACGACCCTTGCTGATCTATTATTAAAA                             ",30,30,30
CAAACGACCCTTGCTGATCTATTATTAAAA,33.33333333333333,3722,TTCCTGACCATGTAAAACTGTAGGATGACC,43.333333333333336,4124,432,36.666666666666664,"  CAAACGACCCTTGCTGATCTATTATTAAAA                           
----|--|---|-|--|||--|--||-|-------------------------------
TTCCTGACCATGTAAAACTGTAGGATGACC                             ",30,30,30
CAAACGACCCTTGCTGATCTATTATTAAAA,33.33333333333333,3722,CATCTTCCTGACCATGTAAAACTGTAGGAT,40.0,4128,436,36.666666666666664,"    CATCTTCCTGACCATGTAAAACTGTAGGAT                         
------|------|||-|--|||-|-|-|------------------------------
CAAACGACCCTTGCTGATCTATTATTAAAA                             ",30,30,30
CAAACGACCCTTGCTGATCTATTATTAAAA,33.33333333333333,3722,ACATCTTCCTGACCATGTAAAACTGTAGGA,40.0,4129,437,36.666666666666664,"   ACATCTTCCTGACCATGTAAAACTGTAGGA                          
------|------|||-|--|||-|-|-|------------------------------
CAAACGACCCTTGCTGATCTATTATTAAAA                             ",30,30,30
CAAACGACCCTTGCTGATCTATTATTAAAA,33.33333333333333,3722,TCTAAAACAGCTACATCTTCCTGACCATGT,40.0,4141,449,36.666666666666664," CAAACGACCCTTGCTGATCTATTATTAAAA                            
--|------|--||--||---|-|--||-|-----------------------------
TCTAAAACAGCTACATCTTCCTGACCATGT                             ",30,30,30
CAAACGACCCTTGCTGATCTATTATTAAAA,33.33333333333333,3722,TTCTAAAACAGCTACATCTTCCTGACCATG,40.0,4142,450,36.666666666666664,"CAAACGACCCTTGCTGATCTATTATTAAAA                             
||----------|-||------|-|||-||-----------------------------
GTACCAGTCCTTCTACATCGACAAAATCTT                             ",30,30,30
CAAACGACCCTTGCTGATCTATTATTAAAA,33.33333333333333,3722,CTTCTAAAACAGCTACATCTTCCTGACCAT,40.0,4143,451,36.666666666666664,"     CAAACGACCCTTGCTGATCTATTATTAAAA                        
-----||--------|-||||-|-||--|------------------------------
TACCAGTCCTTCTACATCGACAAAATCTTC                             ",30,30,30
CAAACGACCCTTGCTGATCTATTATTAAAA,33.33333333333333,3722,ACTTCTAAAACAGCTACATCTTCCTGACCA,40.0,4144,452,40.0,"    CAAACGACCCTTGCTGATCTATTATTAAAA                         
----||--------|-||||-|-||--|-|-----------------------------
ACCAGTCCTTCTACATCGACAAAATCTTCA                             ",30,30,30
CAAACGACCCTTGCTGATCTATTATTAAAA,33.33333333333333,3722,CCTTCTACTGGTGTTACTTCTAAAACAGCT,40.0,4159,467,40.0,"  CAAACGACCCTTGCTGATCTATTATTAAAA                           
---|-|-||||-------|--|-||-|--|-----------------------------
CCTTCTACTGGTGTTACTTCTAAAACAGCT                             ",30,30,30
CAAACGACCCTTGCTGATCTATTATTAAAA,33.33333333333333,3722,TCCTTCTACTGGTGTTACTTCTAAAACAGC,40.0,4160,468,40.0,"            CGACAAAATCTTCATTGTGGTCATCTTCCT                 
------------||||-|-||--|-|||-|-----------------------------
CAAACGACCCTTGCTGATCTATTATTAAAA                             ",30,30,30
CAAACGACCCTTGCTGATCTATTATTAAAA,33.33333333333333,3722,CTCCTTCTACTGGTGTTACTTCTAAAACAG,40.0,4161,469,36.666666666666664,"    CAAACGACCCTTGCTGATCTATTATTAAAA                         
-----|-|-||||-------|--|-||-|------------------------------
CTCCTTCTACTGGTGTTACTTCTAAAACAG                             ",30,30,30
CAAACGACCCTTGCTGATCTATTATTAAAA,33.33333333333333,3722,ACTCCTTCTACTGGTGTTACTTCTAAAACA,36.666666666666664,4162,470,36.666666666666664,"     CAAACGACCCTTGCTGATCTATTATTAAAA                        
------|-|-||||-------|--|-||-|-----------------------------
ACTCCTTCTACTGGTGTTACTTCTAAAACA                             ",30,30,30
CAAACGACCCTTGCTGATCTATTATTAAAA,33.33333333333333,3722,GACTCCTTCTACTGGTGTTACTTCTAAAAC,40.0,4163,471,33.33333333333333,"      CAAACGACCCTTGCTGATCTATTATTAAAA                       
-------|-|-||||-------|--|-||------------------------------
GACTCCTTCTACTGGTGTTACTTCTAAAAC                             ",30,30,30
CAAACGACCCTTGCTGATCTATTATTAAAA,33.33333333333333,3722,AGACTCCTTCTACTGGTGTTACTTCTAAAA,36.666666666666664,4164,472,36.666666666666664,"     CAAACGACCCTTGCTGATCTATTATTAAAA                        
------||---||-|--|--||---|-|-|-----------------------------
AAAATCTTCATTGTGGTCATCTTCCTCAGA                             ",30,30,30
CAAACGACCCTTGCTGATCTATTATTAAAA,33.33333333333333,3722,GAGACTCCTTCTACTGGTGTTACTTCTAAA,40.0,4165,473,36.666666666666664,"    CAAACGACCCTTGCTGATCTATTATTAAAA                         
-----||---||-|--|--||---|-|-|------------------------------
AAATCTTCATTGTGGTCATCTTCCTCAGAG                             ",30,30,30
CAAACGACCCTTGCTGATCTATTATTAAAA,33.33333333333333,3722,TGAGACTCCTTCTACTGGTGTTACTTCTAA,40.0,4166,474,40.0,"   CAAACGACCCTTGCTGATCTATTATTAAAA                          
----||---||-|--|--||---|-|-|-|-----------------------------
AATCTTCATTGTGGTCATCTTCCTCAGAGT                             ",30,30,30
CAAACGACCCTTGCTGATCTATTATTAAAA,33.33333333333333,3722,GTGAGACTCCTTCTACTGGTGTTACTTCTA,43.333333333333336,4167,475,40.0,"  CAAACGACCCTTGCTGATCTATTATTAAAA                           
---||---||-|--|--||---|-|-|-|------------------------------
ATCTTCATTGTGGTCATCTTCCTCAGAGTG                             ",30,30,30
CAAACGACCCTTGCTGATCTATTATTAAAA,33.33333333333333,3722,CTATGTGAGACTCCTTCTACTGGTGTTACT,43.333333333333336,4171,479,40.0,"  TCATTGTGGTCATCTTCCTCAGAGTGTATC                           
--|---||-|--|--||---|-|-|-|-|------------------------------
CAAACGACCCTTGCTGATCTATTATTAAAA                             ",30,30,30
CAAACGACCCTTGCTGATCTATTATTAAAA,33.33333333333333,3722,TCTATGTGAGACTCCTTCTACTGGTGTTAC,43.333333333333336,4172,480,40.0,"  TCTATGTGAGACTCCTTCTACTGGTGTTAC                           
--|---||-||----|----||-|--|-||-----------------------------
CAAACGACCCTTGCTGATCTATTATTAAAA                             ",30,30,30
CAAACGACCCTTGCTGATCTATTATTAAAA,33.33333333333333,3722,AATACAGTTCTATGTGAGACTCCTTCTACT,36.666666666666664,4180,488,36.666666666666664,"      CAAACGACCCTTGCTGATCTATTATTAAAA                       
------|||---||-||----|----||-|-----------------------------
AATACAGTTCTATGTGAGACTCCTTCTACT                             ",30,30,30
CAAACGACCCTTGCTGATCTATTATTAAAA,33.33333333333333,3722,TAATACAGTTCTATGTGAGACTCCTTCTAC,36.666666666666664,4181,489,36.666666666666664,"  TAATACAGTTCTATGTGAGACTCCTTCTAC                           
--|------|--|-|---||-|-|--||-|-----------------------------
CAAACGACCCTTGCTGATCTATTATTAAAA                             ",30,30,30
CAAACGACCCTTGCTGATCTATTATTAAAA,33.33333333333333,3722,CTAATACAGTTCTATGTGAGACTCCTTCTA,36.666666666666664,4182,490,36.666666666666664," CTAATACAGTTCTATGTGAGACTCCTTCTA                            
--|------|--|-|---||-|-|--||-|-----------------------------
CAAACGACCCTTGCTGATCTATTATTAAAA                             ",30,30,30
CAAACGACCCTTGCTGATCTATTATTAAAA,33.33333333333333,3722,CCTAATACAGTTCTATGTGAGACTCCTTCT,40.0,4183,491,36.666666666666664,"CCTAATACAGTTCTATGTGAGACTCCTTCT                             
--|------|--|-|---||-|-|--||-|-----------------------------
CAAACGACCCTTGCTGATCTATTATTAAAA                             ",30,30,30
